vehicle_type,peso_kg,comprimento_m,altura_m,largura_m,cilindradas_cc,potencia_cv,velocidade_max_kmh,consumo_l_km
Carro,1584,4.06,1.53,1.86,1532,152,211,7.55
Carro,1212,4.01,1.41,1.75,2079,195,162,11.68
Carro,1342,4.69,1.53,1.84,1895,129,200,9.77
Carro,1389,4.22,1.58,1.72,1660,134,208,10.36
Carro,1513,4.09,1.45,1.89,1422,121,174,9.47
Carro,1223,4.08,1.49,1.74,2056,191,170,10.23
Carro,1367,4.39,1.54,1.77,2018,182,225,8.94
Carro,1239,4.18,1.53,1.71,1573,190,202,11.8
Carro,1655,4.52,1.49,1.88,1993,171,165,9.58
Carro,1449,4.39,1.5,1.88,1753,199,218,7.51
Carro,1457,4.07,1.57,1.74,2235,99,181,7.65
Carro,1213,4.01,1.46,1.84,2028,174,233,11.73
Carro,1293,4.45,1.49,1.85,2031,182,183,9.32
Carro,1470,4.67,1.59,1.82,2482,126,196,8.39
Carro,1784,4.12,1.56,1.78,2227,142,222,7.03
Carro,1610,4.33,1.45,1.77,1489,101,206,9.47
Carro,1454,4.04,1.55,1.84,2070,139,187,9.07
Carro,1713,4.55,1.44,1.83,2043,169,229,11.45
Carro,1273,4.25,1.54,1.83,1573,98,186,11.54
Carro,1548,4.49,1.4,1.87,2197,118,186,11.89
Carro,1303,4.52,1.41,1.9,2083,146,196,10.0
Carro,1501,4.46,1.55,1.71,2175,193,217,9.04
Carro,1656,4.3,1.52,1.8,2270,91,194,11.29
Carro,1238,4.38,1.48,1.73,1706,93,236,7.88
Carro,1265,4.47,1.5,1.85,1978,99,198,10.29
Carro,1648,4.64,1.59,1.88,2108,157,198,11.34
Carro,1314,4.39,1.53,1.71,2347,177,194,7.48
Carro,1248,4.18,1.5,1.81,2090,169,227,11.39
Carro,1525,4.34,1.53,1.87,1605,133,196,10.24
Carro,1680,4.67,1.41,1.78,1746,180,192,9.54
Carro,1539,4.21,1.56,1.84,1988,183,168,11.31
Carro,1504,4.1,1.49,1.75,2020,114,204,11.68
Carro,1672,4.22,1.59,1.82,2032,104,181,11.57
Carro,1536,4.62,1.51,1.74,2338,143,168,10.29
Carro,1378,4.26,1.45,1.78,1912,104,240,10.1
Carro,1718,4.05,1.43,1.88,2072,156,162,10.73
Carro,1504,4.77,1.45,1.7,1646,142,173,9.95
Carro,1282,4.66,1.57,1.77,2451,120,240,7.94
Carro,1712,4.54,1.48,1.83,2370,147,181,11.5
Carro,1299,4.74,1.59,1.86,2013,160,198,9.47
Carro,1483,4.61,1.45,1.74,1436,172,170,10.23
Carro,1683,4.4,1.5,1.8,1968,164,206,9.38
Carro,1233,4.46,1.51,1.71,1412,195,213,7.9
Carro,1600,4.22,1.52,1.7,1696,191,186,10.32
Carro,1540,4.28,1.44,1.71,2189,140,213,9.42
Carro,1685,4.4,1.47,1.84,1559,184,226,10.86
Carro,1593,4.17,1.52,1.81,1996,157,166,8.07
Carro,1496,4.44,1.54,1.83,1729,174,177,7.31
Carro,1396,4.77,1.48,1.73,2317,153,222,10.26
Carro,1789,4.15,1.49,1.77,1547,150,208,9.76
Carro,1377,4.4,1.51,1.75,1457,179,180,9.98
Carro,1698,4.72,1.45,1.72,2215,111,223,8.39
Carro,1510,4.67,1.49,1.85,1427,158,203,11.47
Carro,1206,4.06,1.54,1.78,2388,124,179,8.49
Carro,1662,4.11,1.5,1.88,1880,138,199,10.8
Carro,1260,4.21,1.42,1.73,2402,128,198,11.97
Carro,1378,4.29,1.41,1.71,2049,159,222,10.71
Carro,1596,4.61,1.53,1.85,1758,178,178,8.01
Carro,1646,4.76,1.45,1.77,2136,197,202,7.48
Carro,1296,4.68,1.51,1.72,1447,109,219,7.98
Carro,1596,4.06,1.58,1.73,1958,122,211,11.25
Carro,1437,4.64,1.5,1.71,1407,125,224,9.32
Carro,1422,4.5,1.55,1.83,1699,103,168,10.51
Carro,1566,4.15,1.42,1.82,1628,130,179,11.76
Carro,1364,4.38,1.56,1.72,2010,174,194,10.18
Carro,1349,4.24,1.59,1.76,2472,170,232,8.3
Carro,1217,4.58,1.55,1.88,2481,160,229,7.32
Carro,1443,4.79,1.57,1.89,1436,168,220,7.22
Carro,1455,4.25,1.53,1.71,2250,176,227,8.49
Carro,1630,4.31,1.59,1.8,1737,165,218,7.17
Carro,1606,4.73,1.6,1.89,1433,175,222,11.36
Carro,1632,4.76,1.58,1.75,1584,166,225,7.47
Carro,1509,4.54,1.4,1.82,1776,136,214,8.92
Carro,1679,4.14,1.46,1.73,1492,194,216,9.8
Carro,1787,4.48,1.45,1.86,1507,105,180,9.97
Carro,1339,4.64,1.42,1.89,2285,161,167,8.08
Carro,1721,4.13,1.46,1.76,1455,116,210,10.44
Carro,1231,4.77,1.43,1.86,2005,102,172,7.81
Carro,1555,4.73,1.47,1.72,1465,131,204,8.51
Carro,1353,4.71,1.52,1.84,1915,192,228,9.12
Carro,1233,4.77,1.5,1.77,2238,179,195,8.22
Carro,1755,4.5,1.56,1.72,1708,124,184,7.27
Carro,1664,4.62,1.45,1.85,2197,153,162,7.42
Carro,1266,4.51,1.6,1.71,1616,194,218,7.82
Carro,1555,4.62,1.56,1.73,1975,174,166,11.91
Carro,1720,4.55,1.59,1.86,2309,120,227,10.97
Carro,1543,4.02,1.54,1.85,2153,176,226,11.18
Carro,1798,4.23,1.55,1.84,1952,107,205,11.82
Carro,1723,4.48,1.44,1.79,1618,109,233,7.44
Carro,1425,4.02,1.46,1.84,1441,104,221,8.19
Carro,1359,4.54,1.5,1.76,2181,169,188,8.34
Carro,1678,4.6,1.41,1.88,1923,108,161,8.47
Carro,1676,4.19,1.58,1.89,1546,146,185,7.33
Carro,1699,4.04,1.42,1.83,1565,94,222,11.67
Carro,1412,4.14,1.56,1.74,1965,147,201,9.73
Carro,1420,4.2,1.55,1.71,2025,100,231,10.24
Carro,1430,4.69,1.58,1.71,2163,177,223,10.23
Carro,1471,4.4,1.44,1.88,1761,170,167,7.55
Carro,1764,4.21,1.56,1.82,2394,172,168,11.97
Carro,1569,4.36,1.56,1.87,2002,112,187,11.21
Carro,1795,4.15,1.44,1.87,2494,172,205,9.15
Carro,1444,4.26,1.43,1.77,2117,134,216,11.67
Carro,1639,4.41,1.52,1.89,2072,165,239,9.69
Carro,1473,4.5,1.58,1.87,1759,149,232,8.89
Carro,1626,4.71,1.54,1.83,1811,149,227,8.91
Carro,1559,4.18,1.54,1.73,2197,182,229,9.83
Carro,1221,4.78,1.52,1.73,1977,137,205,9.59
Carro,1245,4.58,1.42,1.85,1462,125,160,8.5
Carro,1475,4.7,1.43,1.88,2087,157,215,10.23
Carro,1606,4.25,1.42,1.88,2017,193,164,7.62
Carro,1664,4.59,1.43,1.81,2250,137,184,8.31
Carro,1282,4.47,1.48,1.9,2399,176,161,11.38
Carro,1454,4.29,1.59,1.79,2500,148,229,11.97
Carro,1597,4.54,1.55,1.81,1429,185,181,8.02
Carro,1460,4.18,1.56,1.8,1771,191,215,11.09
Carro,1641,4.08,1.44,1.87,1646,96,200,9.98
Carro,1660,4.03,1.53,1.84,1515,129,198,8.36
Carro,1714,4.23,1.44,1.78,2366,165,162,9.32
Carro,1250,4.67,1.55,1.76,2371,198,173,9.45
Carro,1549,4.58,1.41,1.82,1725,148,165,9.45
Carro,1291,4.49,1.44,1.8,2151,95,228,9.89
Carro,1707,4.48,1.59,1.87,2247,154,190,8.23
Carro,1424,4.65,1.49,1.71,1967,111,187,8.51
Carro,1737,4.51,1.45,1.89,1753,131,195,9.04
Carro,1647,4.29,1.48,1.79,2452,91,179,10.37
Carro,1749,4.1,1.47,1.8,2169,159,200,7.75
Carro,1317,4.62,1.6,1.73,2419,133,224,10.38
Carro,1611,4.65,1.56,1.83,1933,122,200,8.88
Carro,1468,4.53,1.4,1.74,2097,183,167,11.26
Carro,1340,4.15,1.4,1.79,2404,136,227,7.08
Carro,1290,4.74,1.47,1.74,1851,91,175,10.09
Carro,1647,4.72,1.59,1.71,1989,113,179,7.01
Carro,1661,4.72,1.44,1.77,1637,196,174,8.31
Carro,1772,4.11,1.54,1.8,2342,127,203,7.14
Carro,1572,4.12,1.4,1.73,2457,175,211,7.55
Carro,1331,4.31,1.5,1.77,1539,103,161,9.86
Carro,1630,4.3,1.59,1.78,2422,152,226,8.36
Carro,1255,4.08,1.58,1.84,1722,121,204,9.62
Carro,1209,4.13,1.53,1.7,1649,95,162,10.6
Carro,1502,4.47,1.48,1.83,2184,197,237,8.25
Carro,1636,4.44,1.57,1.85,1706,181,208,10.32
Carro,1569,4.71,1.6,1.85,1816,115,174,7.84
Carro,1651,4.36,1.41,1.86,2029,122,192,9.76
Carro,1222,4.23,1.47,1.76,1456,187,160,8.16
Carro,1516,4.59,1.51,1.76,2298,160,161,9.07
Carro,1238,4.65,1.51,1.83,2276,186,193,9.11
Carro,1689,4.04,1.59,1.83,1704,178,164,11.24
Carro,1351,4.72,1.52,1.7,2317,142,194,10.29
Carro,1567,4.39,1.45,1.74,2475,142,222,9.93
Carro,1521,4.11,1.51,1.82,2469,169,198,8.78
Carro,1645,4.75,1.56,1.81,1958,181,191,7.62
Carro,1376,4.5,1.58,1.73,2195,145,205,10.2
Carro,1695,4.07,1.44,1.81,1530,141,195,9.48
Carro,1471,4.47,1.41,1.86,1677,194,169,7.66
Carro,1656,4.7,1.57,1.75,1964,175,196,11.72
Carro,1375,4.33,1.5,1.74,1793,170,174,9.54
Carro,1609,4.66,1.57,1.89,2245,180,227,10.88
Carro,1457,4.59,1.48,1.86,1935,92,166,9.6
Carro,1522,4.53,1.57,1.78,1705,102,183,10.32
Carro,1385,4.55,1.42,1.86,1763,195,160,11.91
Carro,1444,4.06,1.52,1.73,2128,183,191,7.2
Carro,1757,4.8,1.48,1.71,2238,156,233,7.09
Carro,1293,4.22,1.48,1.87,2339,124,200,9.52
Carro,1344,4.3,1.41,1.85,2003,175,240,9.28
Carro,1561,4.79,1.48,1.8,2076,172,236,7.41
Carro,1713,4.0,1.46,1.76,1401,91,211,8.64
Carro,1333,4.02,1.5,1.82,1745,171,224,10.81
Carro,1616,4.58,1.46,1.81,1987,94,190,8.84
Carro,1769,4.63,1.4,1.88,2283,160,236,10.02
Carro,1489,4.73,1.42,1.76,1635,167,187,7.55
Carro,1569,4.04,1.58,1.72,2023,102,210,11.58
Carro,1290,4.07,1.56,1.79,2349,175,166,7.09
Carro,1615,4.24,1.53,1.73,1506,133,194,9.98
Carro,1487,4.71,1.46,1.79,1782,149,233,10.58
Carro,1678,4.64,1.44,1.81,1944,194,239,10.63
Carro,1629,4.21,1.42,1.89,1757,195,189,9.08
Carro,1297,4.04,1.46,1.83,1992,186,200,9.99
Carro,1491,4.49,1.42,1.86,2028,168,177,7.61
Carro,1428,4.75,1.47,1.81,1964,142,200,10.99
Carro,1605,4.19,1.54,1.75,1875,98,223,9.23
Carro,1680,4.79,1.56,1.88,1447,186,224,10.07
Carro,1694,4.73,1.55,1.7,1783,118,166,10.03
Carro,1695,4.01,1.56,1.83,2412,185,194,10.13
Carro,1797,4.65,1.4,1.72,1449,125,233,8.28
Carro,1421,4.18,1.54,1.86,2077,129,187,11.64
Carro,1543,4.04,1.51,1.76,2391,123,233,10.88
Carro,1314,4.17,1.49,1.81,1931,121,200,8.58
Carro,1290,4.27,1.47,1.75,1424,95,168,7.33
Carro,1477,4.41,1.54,1.73,1764,114,182,7.74
Carro,1365,4.32,1.42,1.9,1842,136,198,7.48
Carro,1292,4.67,1.48,1.78,1672,147,222,11.77
Carro,1373,4.57,1.54,1.85,2353,159,174,9.78
Carro,1421,4.23,1.56,1.7,2432,182,180,7.63
Carro,1537,4.76,1.51,1.76,2155,168,213,8.62
Carro,1609,4.43,1.42,1.79,1687,177,189,10.61
Carro,1732,4.39,1.41,1.75,1995,196,216,8.82
Carro,1470,4.21,1.47,1.74,1960,122,213,10.05
Carro,1771,4.37,1.43,1.81,1422,193,225,7.76
Carro,1739,4.32,1.41,1.75,2092,99,221,9.56
Carro,1764,4.56,1.52,1.9,1876,157,169,10.75
Carro,1292,4.66,1.51,1.87,1731,108,233,10.18
Carro,1262,4.32,1.4,1.85,2466,120,212,10.96
Carro,1280,4.03,1.55,1.8,2331,195,160,9.07
Carro,1582,4.14,1.45,1.76,1578,150,223,11.99
Carro,1428,4.45,1.54,1.75,1940,184,187,8.69
Carro,1567,4.35,1.54,1.88,2353,158,240,7.82
Carro,1402,4.51,1.56,1.81,1719,105,200,7.46
Carro,1698,4.28,1.6,1.74,1819,179,229,8.4
Carro,1640,4.08,1.45,1.8,2272,139,205,8.09
Carro,1746,4.55,1.5,1.78,1444,168,192,8.6
Carro,1438,4.31,1.56,1.82,2352,200,189,8.89
Carro,1671,4.48,1.46,1.87,2220,166,197,9.05
Carro,1484,4.22,1.47,1.76,2130,105,165,9.18
Carro,1205,4.12,1.47,1.89,1650,94,215,9.87
Carro,1580,4.06,1.57,1.84,2022,180,207,10.67
Carro,1663,4.08,1.49,1.82,2371,148,206,11.28
Carro,1406,4.74,1.52,1.78,1764,110,171,7.31
Carro,1399,4.1,1.42,1.79,2169,107,219,9.9
Carro,1710,4.47,1.53,1.79,1425,121,217,10.84
Carro,1467,4.75,1.46,1.87,2387,141,231,7.47
Carro,1798,4.28,1.52,1.81,2187,112,220,9.73
Carro,1497,4.51,1.54,1.72,2259,114,186,11.62
Carro,1463,4.0,1.5,1.88,2137,122,182,7.95
Carro,1319,4.3,1.4,1.75,2050,161,183,9.22
Carro,1461,4.54,1.54,1.77,1878,118,181,10.72
Carro,1685,4.68,1.45,1.8,2059,92,213,9.91
Carro,1593,4.25,1.49,1.8,2036,176,169,11.74
Carro,1232,4.77,1.52,1.74,1960,166,191,8.28
Carro,1516,4.2,1.45,1.9,2236,105,173,11.98
Carro,1569,4.19,1.45,1.79,2028,184,177,10.71
Carro,1400,4.1,1.47,1.76,1813,180,198,8.82
Carro,1208,4.68,1.41,1.7,1596,120,209,11.56
Carro,1588,4.78,1.55,1.75,1649,193,217,9.0
Carro,1236,4.16,1.53,1.78,2271,134,218,11.43
Carro,1643,4.49,1.54,1.71,1968,159,165,7.21
Carro,1679,4.23,1.51,1.81,1828,157,190,10.85
Carro,1315,4.18,1.49,1.77,2272,141,214,10.71
Carro,1633,4.06,1.44,1.78,2267,197,185,11.61
Carro,1563,4.06,1.52,1.71,2208,111,166,8.33
Carro,1512,4.27,1.47,1.77,1652,178,217,9.42
Carro,1320,4.62,1.57,1.7,2491,121,204,8.21
Carro,1590,4.67,1.52,1.75,1984,189,222,7.25
Carro,1446,4.71,1.48,1.73,1785,117,233,9.66
Carro,1703,4.66,1.57,1.71,1959,160,169,8.42
Carro,1619,4.62,1.42,1.78,1401,112,239,9.9
Carro,1426,4.14,1.55,1.73,1920,91,162,11.83
Carro,1607,4.3,1.6,1.8,2131,176,223,8.6
Carro,1425,4.57,1.54,1.85,1952,133,225,10.78
Carro,1592,4.56,1.49,1.75,1778,151,223,10.89
Carro,1763,4.44,1.5,1.85,1771,197,173,8.88
Carro,1612,4.76,1.47,1.88,1746,139,221,9.81
Carro,1644,4.04,1.47,1.71,1784,139,221,10.26
Carro,1562,4.61,1.44,1.9,2058,173,221,10.99
Carro,1646,4.44,1.43,1.78,1552,169,236,9.2
Carro,1460,4.49,1.44,1.79,1907,153,163,8.93
Carro,1367,4.38,1.45,1.9,1932,165,229,7.14
Carro,1422,4.12,1.4,1.88,1745,158,173,9.07
Carro,1643,4.1,1.59,1.73,2391,175,225,9.92
Carro,1331,4.65,1.54,1.7,2225,129,174,7.97
Carro,1288,4.03,1.47,1.76,1939,141,177,10.23
Carro,1297,4.43,1.52,1.88,1541,96,171,8.26
Carro,1590,4.66,1.41,1.89,2429,110,168,10.56
Carro,1417,4.64,1.51,1.87,2246,133,230,11.23
Carro,1779,4.36,1.47,1.8,1607,138,213,7.74
Carro,1764,4.4,1.46,1.78,1942,111,190,9.82
Carro,1760,4.12,1.44,1.89,1713,167,225,11.35
Carro,1704,4.63,1.53,1.83,2218,144,194,9.64
Carro,1431,4.68,1.51,1.83,2286,192,239,9.55
Carro,1442,4.62,1.43,1.73,2426,126,233,9.63
Carro,1277,4.6,1.55,1.7,1730,96,193,10.67
Carro,1463,4.11,1.44,1.89,1832,153,188,11.92
Carro,1355,4.05,1.59,1.75,2100,167,179,8.14
Carro,1209,4.31,1.57,1.72,2275,199,194,10.62
Carro,1602,4.79,1.48,1.7,1885,119,172,8.88
Carro,1758,4.69,1.44,1.86,2422,169,204,10.55
Carro,1513,4.47,1.58,1.78,2445,186,167,7.05
Carro,1297,4.39,1.48,1.73,2447,138,236,7.88
Carro,1436,4.65,1.47,1.84,2039,184,207,7.83
Carro,1405,4.55,1.49,1.89,1632,174,227,8.34
Carro,1248,4.11,1.45,1.82,2304,94,173,7.94
Carro,1749,4.21,1.53,1.7,1937,139,237,8.45
Carro,1670,4.35,1.54,1.9,1678,109,231,9.87
Carro,1500,4.23,1.43,1.78,2385,174,182,8.68
Carro,1210,4.31,1.55,1.81,2497,129,218,9.14
Carro,1249,4.65,1.47,1.78,2203,196,184,7.72
Carro,1234,4.48,1.59,1.82,1853,167,190,8.41
Carro,1357,4.19,1.48,1.75,2390,133,231,11.55
Carro,1680,4.56,1.53,1.75,2075,198,205,9.58
Carro,1600,4.62,1.56,1.76,1769,90,212,7.13
Carro,1675,4.75,1.57,1.89,1493,194,218,10.1
Carro,1217,4.53,1.58,1.76,1415,123,190,9.88
Carro,1502,4.69,1.42,1.81,1594,108,198,7.27
Carro,1383,4.77,1.52,1.77,1437,186,234,9.39
Carro,1656,4.45,1.58,1.88,2153,176,236,8.87
Carro,1480,4.32,1.4,1.8,2332,165,185,10.43
Carro,1697,4.6,1.4,1.86,1768,135,228,9.32
Carro,1684,4.11,1.43,1.75,1919,178,206,11.24
Carro,1518,4.38,1.57,1.75,2004,148,171,10.45
Carro,1667,4.35,1.49,1.85,2011,153,204,10.78
Carro,1314,4.5,1.44,1.88,1590,161,164,8.5
Carro,1288,4.3,1.54,1.81,2055,182,175,9.9
Carro,1383,4.31,1.51,1.83,2432,171,180,9.01
Carro,1617,4.39,1.57,1.88,1578,198,186,10.54
Carro,1411,4.61,1.52,1.8,1495,92,223,10.93
Carro,1527,4.11,1.51,1.75,1997,189,170,9.48
Carro,1426,4.42,1.51,1.84,2229,107,221,11.93
Carro,1698,4.13,1.5,1.88,2070,127,209,9.84
Carro,1261,4.04,1.5,1.72,2007,120,190,10.0
Carro,1420,4.5,1.54,1.7,1807,157,239,8.24
Carro,1265,4.04,1.5,1.71,2346,115,203,9.72
Carro,1611,4.04,1.53,1.88,2315,109,211,11.79
Carro,1443,4.28,1.47,1.78,2308,180,236,11.2
Carro,1764,4.46,1.44,1.71,1768,119,231,9.5
Carro,1677,4.3,1.58,1.73,1436,191,196,11.47
Carro,1226,4.0,1.56,1.85,1582,106,175,9.58
Carro,1374,4.33,1.47,1.75,1841,95,238,10.56
Carro,1300,4.46,1.55,1.86,2093,95,205,10.15
Carro,1302,4.73,1.55,1.87,1676,177,222,7.58
Carro,1647,4.39,1.49,1.87,2166,194,231,10.36
Carro,1645,4.2,1.57,1.89,1499,127,202,11.97
Carro,1243,4.49,1.43,1.85,2490,172,184,7.66
Carro,1324,4.24,1.4,1.86,2086,143,229,9.34
Carro,1257,4.22,1.41,1.78,2150,140,167,11.1
Carro,1401,4.26,1.52,1.84,1507,193,200,11.76
Carro,1683,4.72,1.4,1.82,1895,101,163,8.29
Carro,1716,4.18,1.5,1.71,1752,95,180,9.77
Carro,1454,4.09,1.51,1.81,2140,167,233,10.93
Carro,1800,4.09,1.48,1.8,1978,128,209,7.29
Carro,1627,4.63,1.58,1.7,2481,109,202,10.95
Carro,1628,4.24,1.52,1.79,1402,183,168,9.1
Carro,1390,4.31,1.43,1.88,1549,185,219,9.01
Carro,1393,4.75,1.52,1.79,2316,149,235,9.52
Carro,1575,4.09,1.58,1.84,1814,120,178,8.94
Carro,1253,4.21,1.49,1.74,1713,178,165,7.59
Carro,1727,4.21,1.51,1.78,1630,200,191,11.67
Carro,1253,4.38,1.41,1.78,1608,131,183,10.03
Carro,1432,4.28,1.45,1.75,2156,136,237,9.03
Carro,1533,4.47,1.48,1.82,1557,156,207,9.08
Carro,1383,4.03,1.58,1.78,2490,149,163,8.74
Carro,1311,4.63,1.48,1.78,1861,167,225,7.87
Carro,1269,4.07,1.47,1.89,1833,181,189,9.79
Carro,1205,4.02,1.4,1.75,1732,155,231,10.29
Carro,1442,4.6,1.56,1.76,2133,161,194,8.56
Carro,1727,4.22,1.49,1.84,1840,122,168,7.86
Carro,1268,4.03,1.49,1.77,1735,153,232,7.64
Carro,1210,4.3,1.55,1.75,1781,171,186,9.76
Carro,1250,4.56,1.43,1.79,1622,98,205,7.98
Carro,1604,4.35,1.44,1.71,1693,197,176,7.61
Carro,1215,4.63,1.44,1.82,2456,183,195,9.82
Carro,1361,4.19,1.58,1.72,2325,179,191,8.62
Carro,1691,4.35,1.55,1.86,1646,180,232,7.91
Carro,1614,4.72,1.59,1.87,2213,110,196,9.37
Carro,1432,4.55,1.4,1.86,2471,178,192,7.09
Carro,1460,4.17,1.41,1.7,1991,99,193,8.04
Carro,1291,4.54,1.52,1.72,1951,185,184,10.0
Carro,1244,4.12,1.48,1.81,2180,131,234,9.99
Carro,1341,4.52,1.51,1.8,2461,200,170,7.38
Carro,1548,4.67,1.53,1.86,1787,159,201,7.86
Carro,1727,4.52,1.56,1.8,1990,149,168,10.25
Carro,1743,4.79,1.51,1.75,1629,90,181,11.86
Carro,1595,4.32,1.41,1.88,1606,168,208,9.18
Carro,1582,4.59,1.57,1.73,2227,184,176,11.47
Carro,1694,4.11,1.48,1.81,1660,125,210,8.89
Carro,1476,4.24,1.52,1.89,2003,183,194,9.71
Carro,1732,4.54,1.41,1.86,2175,147,173,10.12
Carro,1366,4.14,1.46,1.88,1979,168,236,9.13
Carro,1308,4.5,1.54,1.71,1597,191,226,11.41
Carro,1565,4.06,1.43,1.89,1939,160,205,10.96
Carro,1393,4.61,1.43,1.83,1674,150,169,11.71
Carro,1541,4.71,1.55,1.81,2279,122,234,7.12
Carro,1249,4.6,1.57,1.74,1772,94,190,10.92
Carro,1361,4.7,1.52,1.77,1481,108,185,11.2
Carro,1501,4.75,1.55,1.71,2411,91,193,11.65
Carro,1514,4.36,1.49,1.7,2392,129,224,11.26
Carro,1754,4.05,1.42,1.8,2438,114,221,9.0
Moto,210,2.17,1.02,0.8,710,94,232,28.66
Moto,212,2.17,1.18,0.81,468,192,198,25.65
Moto,199,1.97,1.08,0.82,866,158,156,34.05
Moto,188,1.83,1.12,0.79,733,90,178,28.35
Moto,207,2.1,1.01,0.84,292,61,267,20.71
Moto,156,1.81,1.04,0.72,504,193,168,35.92
Moto,155,2.04,1.06,0.88,267,146,263,38.1
Moto,203,1.95,1.1,0.72,564,158,174,22.16
Moto,154,2.15,1.01,0.83,470,135,152,35.92
Moto,168,2.16,1.12,0.79,206,73,170,21.91
Moto,163,1.89,1.16,0.72,354,171,169,33.31
Moto,203,1.94,1.15,0.71,198,160,162,29.04
Moto,243,2.14,1.16,0.72,621,18,164,33.73
Moto,212,2.07,1.14,0.74,395,124,216,21.14
Moto,166,2.04,1.08,0.9,973,15,140,20.11
Moto,194,1.94,1.19,0.78,140,85,197,34.04
Moto,160,2.05,1.03,0.72,350,130,200,29.33
Moto,159,2.12,1.16,0.85,223,55,169,26.91
Moto,223,1.92,1.03,0.83,219,74,171,25.62
Moto,244,2.17,1.12,0.87,728,93,189,27.39
Moto,250,1.96,1.06,0.85,629,87,138,39.09
Moto,185,2.19,1.04,0.85,840,25,190,28.41
Moto,162,1.92,1.03,0.79,952,126,147,32.28
Moto,166,1.86,1.0,0.72,768,190,168,37.34
Moto,194,2.09,1.02,0.86,1048,53,228,20.1
Moto,223,1.84,1.02,0.85,129,95,207,24.56
Moto,215,2.16,1.09,0.8,902,102,254,33.86
Moto,184,1.92,1.17,0.7,409,149,197,32.95
Moto,171,2.18,1.04,0.71,1001,32,120,29.55
Moto,248,1.98,1.17,0.76,760,37,241,28.71
Moto,167,2.04,1.16,0.71,902,62,158,20.02
Moto,155,1.81,1.15,0.77,754,63,131,39.81
Moto,214,2.05,1.1,0.88,209,174,181,21.32
Moto,196,1.82,1.16,0.86,279,109,218,37.31
Moto,171,1.8,1.0,0.83,1147,43,278,22.23
Moto,233,2.2,1.12,0.86,1105,148,203,37.75
Moto,242,1.97,1.07,0.83,207,184,243,27.39
Moto,164,1.99,1.19,0.78,1049,52,126,29.28
Moto,194,2.07,1.16,0.79,429,183,223,37.79
Moto,175,2.03,1.01,0.73,425,168,150,33.98
Moto,185,2.02,1.06,0.81,558,96,133,36.79
Moto,238,2.1,1.06,0.84,152,121,230,20.76
Moto,236,2.14,1.12,0.78,1027,111,170,29.58
Moto,212,2.14,1.03,0.85,265,170,165,26.1
Moto,203,2.11,1.03,0.8,270,102,227,22.51
Moto,157,1.81,1.19,0.74,1110,31,225,20.17
Moto,240,1.96,1.11,0.88,320,43,124,31.48
Moto,224,2.16,1.08,0.72,211,129,250,31.05
Moto,172,2.05,1.15,0.7,254,137,230,27.34
Moto,202,1.87,1.07,0.88,268,198,150,23.78
Moto,230,2.18,1.09,0.8,384,21,266,33.63
Moto,188,1.81,1.07,0.82,935,187,125,28.9
Moto,211,2.06,1.17,0.9,1147,167,230,22.11
Moto,234,1.98,1.06,0.77,299,33,269,30.08
Moto,231,1.94,1.12,0.88,152,134,173,23.05
Moto,183,2.13,1.1,0.84,726,125,280,30.73
Moto,178,1.96,1.16,0.89,692,35,237,39.85
Moto,218,2.03,1.1,0.8,384,84,176,25.38
Moto,239,1.84,1.03,0.82,878,68,202,23.85
Moto,153,2.09,1.18,0.89,364,143,152,26.28
Moto,213,2.11,1.15,0.82,738,166,180,38.67
Moto,184,1.83,1.04,0.79,1167,134,277,35.5
Moto,192,1.82,1.1,0.87,837,49,152,28.36
Moto,176,2.03,1.09,0.85,589,115,181,21.7
Moto,173,2.11,1.05,0.79,166,36,203,37.27
Moto,224,2.09,1.11,0.75,1112,86,243,30.37
Moto,211,1.83,1.07,0.89,399,48,218,33.82
Moto,162,2.08,1.09,0.86,418,162,278,32.68
Moto,232,2.14,1.1,0.9,180,125,252,31.2
Moto,204,2.06,1.09,0.81,813,164,278,39.26
Moto,244,2.08,1.1,0.88,294,18,165,22.04
Moto,184,2.04,1.07,0.88,200,70,238,35.07
Moto,159,2.19,1.19,0.81,569,197,228,28.86
Moto,159,2.19,1.01,0.76,862,85,249,29.25
Moto,193,1.96,1.06,0.76,1027,181,214,30.47
Moto,200,2.01,1.04,0.71,511,173,262,30.98
Moto,233,2.03,1.05,0.81,299,117,227,24.38
Moto,152,2.15,1.19,0.83,340,69,278,28.53
Moto,239,2.15,1.12,0.84,1072,62,180,33.06
Moto,158,2.0,1.03,0.81,822,192,275,36.83
Moto,225,1.94,1.08,0.85,205,77,241,39.18
Moto,250,1.86,1.06,0.73,570,22,203,34.64
Moto,209,2.16,1.2,0.87,854,180,279,25.31
Moto,168,2.14,1.01,0.7,425,92,267,25.06
Moto,191,2.17,1.2,0.83,690,160,192,27.74
Moto,198,1.87,1.19,0.85,414,35,252,34.63
Moto,154,2.03,1.11,0.86,666,128,223,32.4
Moto,168,1.98,1.15,0.71,334,107,173,37.03
Moto,183,2.1,1.16,0.79,566,42,224,36.97
Moto,187,2.14,1.01,0.72,137,183,131,28.29
Moto,231,1.9,1.07,0.76,175,104,127,37.33
Moto,159,2.15,1.03,0.85,1102,93,136,23.92
Moto,192,1.85,1.12,0.81,443,140,278,39.81
Moto,174,2.01,1.16,0.81,840,76,231,26.6
Moto,160,2.0,1.07,0.87,1119,50,246,24.91
Moto,164,1.92,1.03,0.84,633,192,243,29.93
Moto,191,1.97,1.19,0.75,820,39,264,31.86
Moto,189,1.82,1.12,0.88,962,104,185,36.84
Moto,223,1.88,1.05,0.75,165,180,280,23.46
Moto,224,1.99,1.16,0.86,1103,168,145,30.08
Moto,204,1.84,1.18,0.71,674,180,190,20.67
Moto,154,2.03,1.16,0.72,1102,80,188,36.74
Moto,167,2.13,1.07,0.76,818,99,191,31.98
Moto,249,2.14,1.1,0.83,925,191,210,35.32
Moto,208,2.11,1.19,0.86,1027,92,191,20.09
Moto,238,1.93,1.06,0.78,131,195,214,31.04
Moto,200,2.17,1.18,0.89,823,156,154,38.09
Moto,164,1.97,1.08,0.85,668,119,156,33.61
Moto,227,2.15,1.13,0.77,1178,139,132,27.88
Moto,205,2.19,1.05,0.85,279,178,261,20.07
Moto,191,2.19,1.1,0.87,1062,160,216,37.25
Moto,206,1.82,1.08,0.74,1041,181,205,39.42
Moto,170,1.88,1.01,0.89,454,199,195,36.23
Moto,230,1.82,1.19,0.84,902,185,265,36.43
Moto,215,2.11,1.0,0.79,586,157,124,36.72
Moto,202,2.09,1.11,0.84,898,185,249,38.18
Moto,176,1.94,1.02,0.74,254,156,237,33.82
Moto,221,1.95,1.09,0.77,1197,148,274,20.82
Moto,239,1.9,1.11,0.73,218,200,217,21.8
Moto,193,2.18,1.05,0.88,827,54,262,20.97
Moto,241,1.98,1.06,0.77,449,95,227,29.29
Moto,218,2.12,1.1,0.81,393,185,239,29.62
Moto,221,2.05,1.03,0.76,1168,188,210,23.28
Moto,246,2.19,1.09,0.87,284,43,210,24.2
Moto,209,2.19,1.03,0.73,623,114,227,36.83
Moto,225,1.96,1.16,0.76,1072,86,144,35.19
Moto,204,2.0,1.04,0.85,585,162,267,36.82
Moto,244,2.01,1.04,0.83,275,133,149,33.39
Moto,188,2.12,1.18,0.8,1122,93,150,33.52
Moto,231,2.18,1.15,0.86,1131,41,186,32.76
Moto,239,1.86,1.03,0.89,1162,29,276,21.17
Moto,234,2.16,1.02,0.9,903,97,254,35.5
Moto,228,2.04,1.18,0.72,481,51,138,38.96
Moto,239,2.02,1.08,0.83,129,37,133,30.63
Moto,169,2.17,1.14,0.77,1134,169,156,33.67
Moto,213,2.17,1.13,0.85,482,132,219,34.9
Moto,181,1.8,1.12,0.8,970,176,194,34.22
Moto,174,1.89,1.16,0.85,1063,162,272,28.22
Moto,208,1.82,1.02,0.85,750,97,122,25.95
Moto,172,2.17,1.0,0.84,1033,195,130,34.42
Moto,208,1.85,1.01,0.72,240,111,278,38.72
Moto,229,1.97,1.07,0.72,731,15,178,29.57
Moto,226,1.95,1.15,0.85,521,29,150,21.77
Moto,246,1.98,1.17,0.83,647,141,272,28.61
Moto,181,1.93,1.12,0.88,401,110,269,26.69
Moto,221,1.99,1.01,0.8,172,129,228,25.41
Moto,219,1.88,1.01,0.86,348,137,124,36.01
Moto,153,1.84,1.06,0.87,1174,175,234,26.93
Moto,198,1.92,1.11,0.81,945,89,225,38.17
Moto,192,2.16,1.0,0.76,284,94,151,39.18
Moto,242,1.95,1.19,0.77,810,19,263,20.06
Moto,243,2.18,1.13,0.89,921,20,171,27.28
Moto,156,2.12,1.07,0.86,467,118,245,28.25
Moto,184,2.05,1.05,0.73,885,75,234,31.67
Moto,150,2.04,1.18,0.78,191,106,254,23.51
Moto,215,1.89,1.2,0.86,741,198,162,38.69
Moto,214,1.89,1.14,0.89,417,137,155,31.37
Moto,232,1.89,1.07,0.89,1037,114,149,23.66
Moto,180,1.87,1.16,0.79,659,154,192,33.19
Moto,244,2.16,1.18,0.82,601,43,134,38.69
Moto,249,1.98,1.17,0.79,238,133,214,22.61
Moto,176,2.13,1.09,0.86,473,76,172,34.53
Moto,174,2.07,1.2,0.85,152,127,157,26.6
Moto,183,1.96,1.06,0.77,1088,66,173,38.64
Moto,209,2.0,1.04,0.77,634,102,196,23.03
Moto,206,2.06,1.15,0.75,619,165,164,23.6
Moto,225,2.15,1.09,0.81,796,42,269,23.72
Moto,154,2.01,1.12,0.86,330,127,186,31.76
Moto,245,2.1,1.0,0.82,470,163,280,35.67
Moto,167,1.9,1.07,0.85,723,182,128,39.44
Moto,199,2.08,1.02,0.73,256,104,225,37.26
Moto,155,2.13,1.04,0.78,444,132,243,24.39
Moto,194,1.87,1.04,0.7,552,167,259,36.61
Moto,206,1.94,1.07,0.72,1108,113,141,34.65
Moto,240,2.07,1.01,0.84,326,29,190,37.59
Moto,172,1.99,1.02,0.77,627,44,138,24.34
Moto,202,2.04,1.11,0.72,377,114,134,39.55
Moto,242,2.03,1.12,0.74,1104,200,164,25.5
Moto,172,2.0,1.09,0.89,309,86,269,39.52
Moto,210,1.86,1.07,0.86,346,45,190,32.28
Moto,153,1.81,1.07,0.74,367,131,247,31.05
Moto,207,1.81,1.07,0.85,675,20,156,24.11
Moto,189,1.84,1.14,0.89,1027,64,260,24.16
Moto,150,1.97,1.1,0.74,158,37,259,36.46
Moto,174,2.17,1.11,0.79,414,166,165,22.94
Moto,156,1.96,1.1,0.77,646,104,259,31.35
Moto,221,1.93,1.09,0.86,581,129,146,22.27
Moto,233,1.84,1.04,0.73,953,63,165,36.45
Moto,210,1.92,1.17,0.71,951,103,256,31.93
Moto,163,1.82,1.07,0.75,891,61,178,22.19
Moto,198,1.9,1.16,0.74,362,76,203,20.62
Moto,245,2.19,1.03,0.89,356,191,132,29.9
Moto,210,2.18,1.2,0.77,783,101,122,37.2
Moto,239,2.08,1.2,0.72,639,42,128,29.95
Moto,155,2.02,1.19,0.83,981,178,259,20.01
Moto,218,1.95,1.11,0.89,315,153,162,27.72
Moto,190,1.84,1.14,0.81,821,128,201,27.55
Moto,206,1.86,1.17,0.84,1121,23,202,21.13
Moto,162,2.04,1.18,0.74,848,135,264,20.43
Moto,199,2.16,1.08,0.85,847,83,210,20.52
Moto,248,1.81,1.14,0.71,588,141,222,38.05
Moto,188,2.17,1.05,0.75,296,28,273,27.5
Moto,183,1.9,1.04,0.79,975,113,254,33.17
Moto,174,1.92,1.05,0.8,220,41,141,31.8
Moto,244,2.06,1.17,0.82,1095,170,263,30.11
Moto,210,2.13,1.04,0.81,622,188,251,37.22
Moto,160,2.1,1.02,0.83,779,18,155,25.89
Moto,153,1.97,1.11,0.88,213,168,217,22.51
Moto,235,2.01,1.17,0.77,146,79,194,25.44
Moto,192,2.13,1.19,0.76,1015,185,162,28.7
Moto,243,2.19,1.11,0.88,517,104,249,36.58
Moto,164,2.15,1.05,0.8,316,75,125,35.88
Moto,161,1.95,1.12,0.89,332,50,248,27.56
Moto,212,2.15,1.16,0.75,675,181,266,33.54
Moto,187,1.86,1.0,0.72,853,148,279,29.47
Moto,239,2.18,1.11,0.89,633,39,176,25.86
Moto,215,1.87,1.16,0.84,877,179,130,24.6
Moto,220,2.14,1.14,0.82,682,137,144,32.71
Moto,162,1.81,1.02,0.89,625,54,125,28.88
Moto,189,2.19,1.1,0.79,523,28,238,20.16
Moto,156,1.89,1.03,0.86,456,71,229,35.69
Moto,223,2.02,1.02,0.81,955,52,195,25.01
Moto,234,1.93,1.07,0.76,1100,110,183,32.57
Moto,244,2.01,1.03,0.73,482,161,161,29.88
Moto,228,2.03,1.12,0.87,410,182,196,23.87
Moto,219,1.96,1.08,0.79,467,101,214,32.26
Moto,199,2.09,1.17,0.71,584,151,122,34.12
Moto,151,2.2,1.16,0.7,655,64,253,31.92
Moto,179,1.9,1.09,0.76,359,98,266,38.02
Moto,242,2.09,1.06,0.79,292,102,157,22.43
Moto,238,2.11,1.18,0.88,646,90,265,37.59
Moto,212,2.03,1.1,0.89,825,192,182,35.3
Moto,218,1.91,1.16,0.72,283,150,221,21.68
Moto,159,2.14,1.11,0.83,244,61,243,31.21
Moto,204,2.15,1.14,0.75,385,56,221,29.99
Moto,218,2.07,1.19,0.81,1069,42,172,26.74
Moto,201,1.93,1.06,0.8,632,103,210,30.39
Moto,218,2.07,1.0,0.85,289,157,219,22.0
Moto,188,2.12,1.13,0.76,471,107,187,21.46
Moto,184,1.95,1.02,0.87,965,162,171,23.78
Moto,203,1.85,1.04,0.73,1188,108,167,36.38
Moto,157,2.13,1.02,0.85,265,89,191,39.48
Moto,171,2.0,1.09,0.7,406,75,244,36.63
Moto,225,1.84,1.06,0.79,929,124,199,35.64
Moto,243,1.93,1.02,0.72,127,185,154,32.55
Moto,179,2.02,1.18,0.72,610,183,221,37.04
Moto,227,1.82,1.13,0.7,870,108,167,29.09
Moto,208,2.16,1.06,0.71,791,102,224,37.3
Moto,196,1.98,1.18,0.89,1120,128,225,31.25
Moto,231,2.12,1.06,0.81,885,192,157,37.8
Moto,180,1.82,1.16,0.74,577,162,265,25.67
Moto,235,2.11,1.04,0.77,184,89,162,32.09
Moto,207,2.13,1.17,0.75,171,86,161,22.87
Moto,182,1.96,1.12,0.86,166,143,239,26.3
Moto,247,1.97,1.17,0.9,539,66,180,24.34
Moto,195,1.99,1.1,0.76,802,191,230,38.63
Moto,223,1.93,1.06,0.89,575,22,278,27.13
Moto,217,2.0,1.18,0.74,1146,45,164,25.16
Moto,168,2.14,1.01,0.8,641,143,255,25.54
Moto,192,2.16,1.08,0.84,258,123,167,36.71
Moto,155,2.07,1.12,0.77,256,65,200,36.2
Moto,232,2.01,1.19,0.85,496,148,179,30.05
Moto,159,1.86,1.16,0.83,830,31,194,28.69
Moto,200,2.13,1.18,0.8,159,129,127,39.57
Moto,227,1.93,1.13,0.7,616,140,130,22.28
Moto,204,1.85,1.01,0.85,879,36,163,27.73
Moto,162,2.06,1.12,0.71,309,60,155,20.26
Moto,244,2.06,1.18,0.88,474,75,280,37.98
Moto,214,2.08,1.19,0.81,1150,176,167,20.25
Moto,230,1.98,1.02,0.76,893,135,274,30.85
Moto,172,1.93,1.16,0.85,1166,186,248,33.01
Moto,244,1.85,1.08,0.75,796,197,245,22.85
Moto,229,1.85,1.07,0.86,909,76,127,21.49
Moto,210,2.15,1.15,0.85,878,172,244,28.46
Moto,151,2.05,1.1,0.75,702,48,145,30.1
Moto,187,2.12,1.18,0.73,1127,144,267,26.04
Moto,239,2.13,1.11,0.73,915,169,220,31.9
Moto,195,1.87,1.13,0.81,544,27,129,28.04
Moto,224,1.9,1.15,0.76,1175,144,154,29.62
Moto,218,1.91,1.19,0.71,841,110,184,24.85
Moto,226,2.04,1.04,0.72,735,163,143,21.09
Moto,168,1.95,1.06,0.82,719,146,163,38.03
Moto,186,2.02,1.19,0.81,290,140,279,25.11
Moto,175,2.18,1.04,0.72,134,86,221,26.1
Moto,165,1.83,1.13,0.81,849,161,145,39.21
Moto,231,1.92,1.17,0.72,1139,195,277,27.37
Moto,246,1.91,1.12,0.73,498,71,139,24.26
Moto,191,2.03,1.03,0.83,503,50,225,27.55
Moto,166,2.12,1.19,0.8,317,46,143,37.03
Moto,201,1.84,1.19,0.83,354,118,197,24.82
Moto,200,2.06,1.08,0.71,975,142,189,21.01
Moto,230,1.87,1.12,0.72,147,67,255,36.9
Moto,232,2.08,1.11,0.71,854,138,241,20.39
Moto,240,1.87,1.04,0.89,1033,104,255,24.92
Moto,205,1.88,1.19,0.73,618,20,170,23.76
Moto,212,1.95,1.04,0.8,1079,183,266,37.98
Moto,201,1.84,1.17,0.72,864,190,184,29.28
Moto,192,1.91,1.1,0.84,739,15,160,29.93
Moto,188,2.15,1.02,0.89,1160,200,143,21.12
Moto,168,2.16,1.12,0.74,216,106,249,30.61
Moto,195,1.99,1.18,0.86,368,104,196,38.05
Moto,195,2.12,1.02,0.76,188,193,191,28.04
Moto,152,2.03,1.01,0.73,583,46,231,25.52
Moto,242,1.84,1.13,0.86,251,168,192,30.95
Moto,221,1.94,1.05,0.87,979,130,238,27.38
Moto,244,1.85,1.04,0.88,880,154,171,38.54
Moto,186,1.99,1.02,0.76,1039,64,273,23.41
Moto,187,2.04,1.06,0.89,1061,51,157,30.59
Moto,224,1.99,1.02,0.81,804,104,127,37.23
Moto,214,1.97,1.11,0.71,833,194,177,38.51
Moto,181,1.93,1.1,0.75,953,197,223,21.8
Moto,150,1.93,1.07,0.84,726,87,266,25.93
Moto,243,2.18,1.12,0.89,358,65,156,28.67
Moto,215,2.1,1.15,0.86,396,49,258,39.12
Moto,169,2.08,1.16,0.75,1097,140,248,36.11
Moto,227,1.95,1.19,0.81,538,54,251,37.28
Moto,174,2.14,1.16,0.82,601,149,160,22.3
Moto,236,2.04,1.09,0.73,241,189,136,24.82
Moto,221,1.97,1.07,0.88,582,78,237,30.33
Moto,212,2.12,1.17,0.81,668,60,124,21.94
Moto,180,2.05,1.08,0.81,570,128,249,31.15
Moto,205,1.82,1.19,0.81,706,37,166,32.03
Moto,178,1.87,1.06,0.71,1049,36,148,23.64
Moto,227,2.19,1.02,0.86,781,183,198,30.01
Moto,228,1.8,1.15,0.85,960,108,162,32.76
Moto,164,2.04,1.19,0.82,272,25,220,29.49
Moto,188,1.92,1.08,0.86,1068,50,270,22.59
Moto,199,2.14,1.06,0.72,1032,199,243,25.74
Moto,216,1.91,1.19,0.82,895,161,204,22.48
Moto,166,1.86,1.09,0.74,915,72,198,38.86
Moto,212,2.11,1.03,0.83,794,123,257,27.88
Moto,245,2.14,1.05,0.85,1097,76,247,39.47
Moto,183,1.8,1.14,0.77,424,113,215,35.04
Moto,162,1.91,1.06,0.78,815,148,134,28.14
Moto,250,1.9,1.14,0.88,972,161,190,35.1
Moto,218,2.07,1.02,0.75,525,191,216,30.87
Moto,250,1.99,1.15,0.78,679,82,271,29.54
Moto,154,1.98,1.19,0.76,539,96,266,29.68
Moto,154,1.93,1.17,0.71,230,22,236,31.36
Moto,184,2.18,1.01,0.76,757,62,170,37.63
Moto,222,1.88,1.07,0.78,316,69,232,35.13
Moto,206,2.2,1.04,0.75,773,125,207,28.59
Moto,161,2.02,1.03,0.78,450,71,189,31.17
Moto,151,2.14,1.09,0.77,324,192,254,21.6
Moto,156,2.15,1.17,0.8,240,200,151,26.18
Moto,167,2.03,1.11,0.79,970,63,242,23.07
Moto,158,1.93,1.19,0.75,1135,78,248,35.65
Moto,217,1.88,1.04,0.88,891,72,193,37.97
Moto,202,2.1,1.18,0.75,497,73,150,22.69
Moto,209,1.92,1.07,0.86,434,136,190,38.6
Moto,215,2.04,1.15,0.83,545,41,174,22.55
Moto,152,1.87,1.17,0.79,741,100,142,26.16
Moto,155,1.99,1.17,0.81,1009,125,223,23.2
Moto,250,2.03,1.17,0.84,149,152,251,30.44
Moto,242,2.19,1.03,0.88,620,141,181,23.31
Moto,230,2.15,1.15,0.73,261,35,244,30.49
Moto,217,1.97,1.15,0.74,419,181,190,30.16
Moto,225,1.94,1.04,0.71,232,102,169,26.62
Moto,203,2.08,1.01,0.88,639,89,176,26.64
Moto,228,2.16,1.1,0.75,228,96,125,33.17
Moto,199,1.81,1.05,0.72,902,18,227,25.97
Moto,225,1.93,1.19,0.87,474,161,161,37.85
Moto,152,1.82,1.09,0.86,773,152,143,34.67
Moto,241,1.83,1.02,0.72,357,181,221,28.19
Moto,208,1.94,1.13,0.72,1131,74,155,37.07
Moto,158,1.82,1.01,0.71,645,37,260,21.66
Moto,183,2.17,1.07,0.74,395,84,252,38.42
Moto,178,1.81,1.06,0.74,198,166,196,35.33
Moto,175,1.92,1.14,0.84,444,118,220,22.77
Moto,156,2.04,1.06,0.74,1102,134,147,27.05
Moto,242,1.85,1.19,0.85,801,48,235,37.6
Moto,235,2.16,1.12,0.72,297,61,204,32.13
Moto,175,2.05,1.03,0.72,669,176,125,30.09
Moto,238,2.04,1.14,0.81,562,107,262,31.21
Moto,245,2.14,1.14,0.8,596,36,168,31.7
Ônibus,12983,10.34,3.73,2.31,9305,391,114,4.96
Ônibus,14308,13.53,3.61,2.4,11252,427,90,3.01
Ônibus,13694,11.99,3.06,2.54,12310,303,97,3.81
Ônibus,13489,11.85,3.22,2.31,12041,422,92,3.03
Ônibus,14267,11.56,3.34,2.38,10027,393,109,4.66
Ônibus,10624,13.91,3.79,2.39,10410,447,110,4.34
Ônibus,14150,10.82,3.45,2.37,7388,431,115,3.4
Ônibus,12587,13.16,3.44,2.46,9231,252,119,3.21
Ônibus,12274,12.82,3.58,2.59,9685,342,103,4.85
Ônibus,11364,11.69,3.14,2.39,8458,263,91,4.54
Ônibus,12219,13.76,3.44,2.41,12174,389,91,3.06
Ônibus,12194,13.92,3.33,2.4,10569,274,103,3.66
Ônibus,12083,11.93,3.61,2.41,9434,420,96,4.89
Ônibus,14718,13.6,3.52,2.37,10725,321,107,3.7
Ônibus,14858,12.45,3.31,2.51,9210,375,101,4.4
Ônibus,13047,10.21,3.44,2.48,7352,358,90,4.56
Ônibus,11568,12.67,3.37,2.31,12812,353,108,3.21
Ônibus,13234,10.28,3.28,2.37,8407,307,97,4.09
Ônibus,14139,11.94,3.16,2.45,12992,396,114,4.05
Ônibus,11702,13.55,3.52,2.36,7273,285,112,3.77
Ônibus,13146,12.2,3.33,2.58,8728,252,91,4.63
Ônibus,10013,12.21,3.01,2.53,12503,304,108,4.12
Ônibus,11558,10.25,3.09,2.5,10401,301,108,3.14
Ônibus,13634,12.9,3.16,2.43,12886,257,92,3.66
Ônibus,11215,13.24,3.03,2.47,7953,346,102,4.61
Ônibus,10418,11.63,3.28,2.3,9814,288,106,4.07
Ônibus,11310,12.89,3.52,2.35,8956,433,104,3.52
Ônibus,10613,11.44,3.45,2.52,11494,312,115,4.78
Ônibus,14561,11.64,3.46,2.35,12525,409,103,4.65
Ônibus,12256,12.67,3.22,2.45,10208,345,96,4.53
Ônibus,11283,12.22,3.28,2.5,7795,405,90,3.33
Ônibus,11728,12.3,3.49,2.57,11244,288,98,4.14
Ônibus,11721,11.59,3.23,2.51,12841,450,95,5.0
Ônibus,12869,12.94,3.42,2.55,10104,257,116,4.59
Ônibus,13613,12.71,3.55,2.5,10591,314,97,4.12
Ônibus,12949,10.35,3.41,2.33,12662,426,94,4.61
Ônibus,12891,12.59,3.14,2.41,12349,408,112,3.27
Ônibus,14847,11.71,3.44,2.35,7765,294,104,3.98
Ônibus,11445,12.21,3.5,2.54,7511,258,106,4.59
Ônibus,10419,11.76,3.66,2.39,12002,285,120,3.92
Ônibus,13504,11.64,3.53,2.37,12414,304,96,4.31
Ônibus,12187,12.68,3.37,2.34,10248,369,109,4.87
Ônibus,14533,11.93,3.57,2.57,8945,309,103,3.97
Ônibus,11115,11.9,3.42,2.33,11710,375,101,4.47
Ônibus,12827,12.31,3.74,2.46,9419,288,104,3.62
Ônibus,11344,10.35,3.79,2.34,10083,269,119,4.47
Ônibus,14168,12.92,3.01,2.53,10956,261,96,3.19
Ônibus,10160,10.46,3.56,2.5,11795,340,110,4.49
Ônibus,14871,11.21,3.09,2.54,10263,336,91,4.78
Ônibus,10152,13.07,3.06,2.55,10813,323,96,4.01
Ônibus,14757,11.58,3.17,2.48,11323,254,108,3.39
Ônibus,12405,11.58,3.2,2.52,12439,396,116,3.16
Ônibus,14481,10.8,3.35,2.59,8772,366,108,4.7
Ônibus,14696,13.03,3.74,2.36,11457,421,94,4.53
Ônibus,10721,13.59,3.08,2.5,8106,255,96,3.6
Ônibus,14256,11.66,3.37,2.33,12498,375,93,3.0
Ônibus,13686,10.55,3.28,2.45,7881,356,118,4.29
Ônibus,10258,11.87,3.14,2.33,9993,319,116,4.34
Ônibus,12307,11.38,3.02,2.46,10658,260,101,3.78
Ônibus,11205,11.23,3.34,2.56,8144,333,99,4.93
Ônibus,11328,10.85,3.42,2.35,8817,360,99,4.17
Ônibus,12114,10.89,3.62,2.59,9256,345,111,3.15
Ônibus,10119,10.22,3.1,2.3,12306,386,108,3.82
Ônibus,12610,12.61,3.73,2.37,7517,324,90,4.7
Ônibus,10538,10.45,3.18,2.51,12056,414,114,3.18
Ônibus,11495,13.97,3.34,2.39,7177,394,111,3.02
Ônibus,12936,10.65,3.55,2.33,12781,372,100,3.56
Ônibus,10889,11.8,3.4,2.39,12999,262,107,3.01
Ônibus,12700,13.67,3.78,2.54,8995,350,91,4.92
Ônibus,11092,12.88,3.74,2.3,12971,415,94,3.31
Ônibus,12957,11.54,3.11,2.4,8784,429,116,4.76
Ônibus,10485,10.83,3.2,2.36,8966,374,116,3.83
Ônibus,10675,13.44,3.09,2.37,9797,414,94,3.94
Ônibus,12017,12.9,3.66,2.5,9819,362,105,3.38
Ônibus,11011,13.72,3.09,2.52,8227,273,99,3.45
Ônibus,13454,10.05,3.7,2.45,9707,381,101,3.14
Ônibus,11236,10.65,3.75,2.55,8078,396,110,3.33
Ônibus,10355,13.26,3.58,2.49,11921,362,101,4.84
Ônibus,14840,11.13,3.56,2.37,12025,322,115,3.45
Ônibus,11221,12.4,3.57,2.54,9067,391,90,3.33
Ônibus,10925,13.83,3.56,2.5,8201,347,108,3.94
Ônibus,10956,12.35,3.42,2.36,8122,361,96,4.86
Ônibus,13920,13.31,3.47,2.34,8346,396,94,4.67
Ônibus,11240,12.54,3.29,2.53,8218,377,117,3.05
Ônibus,11029,12.18,3.27,2.58,7854,417,94,4.41
Ônibus,13699,10.33,3.71,2.6,7338,282,100,3.57
Ônibus,12963,13.52,3.65,2.55,12178,414,95,4.11
Ônibus,11334,12.6,3.75,2.42,8641,401,99,4.05
Ônibus,10933,10.89,3.57,2.32,8325,289,107,3.1
Ônibus,11056,13.53,3.79,2.46,9814,307,115,4.76
Ônibus,14376,11.82,3.28,2.37,10486,338,94,4.48
Ônibus,12394,12.0,3.19,2.46,8488,416,111,4.49
Ônibus,11435,11.22,3.73,2.39,9127,447,119,3.3
Ônibus,12768,11.66,3.27,2.32,9689,276,99,3.2
Ônibus,10423,12.32,3.31,2.3,11276,444,92,4.88
Ônibus,14142,13.84,3.38,2.6,9614,415,106,3.06
Ônibus,11418,11.58,3.21,2.42,11243,280,105,3.06
Ônibus,14210,13.19,3.51,2.53,9658,413,107,4.53
Ônibus,10341,11.17,3.54,2.59,9836,277,117,3.94
Ônibus,12993,13.62,3.49,2.49,10611,364,103,4.25
Ônibus,14022,13.94,3.29,2.6,11803,268,107,3.47
Ônibus,14635,13.8,3.26,2.43,8288,403,101,3.39
Ônibus,13225,11.11,3.5,2.41,10235,320,118,3.57
Ônibus,10679,10.9,3.63,2.55,7151,372,120,3.09
Ônibus,12092,10.78,3.53,2.59,8049,428,102,3.02
Ônibus,12690,11.54,3.19,2.38,12725,443,106,3.92
Ônibus,14961,12.91,3.62,2.4,7183,355,98,4.95
Ônibus,13646,13.81,3.77,2.43,7299,391,112,4.78
Ônibus,14045,11.43,3.16,2.34,7496,449,103,4.46
Ônibus,10944,12.46,3.01,2.56,9504,376,119,4.2
Ônibus,12165,13.77,3.62,2.54,10283,413,102,4.04
Ônibus,13065,12.73,3.01,2.38,11846,340,114,4.88
Ônibus,12914,12.17,3.16,2.48,7707,262,108,4.24
Ônibus,14650,12.75,3.04,2.55,7259,316,104,3.07
Ônibus,11799,12.34,3.61,2.52,8377,438,99,3.08
Ônibus,11099,12.89,3.22,2.52,12705,376,104,3.08
Ônibus,14588,10.19,3.78,2.53,9062,330,91,4.5
Ônibus,10702,12.62,3.27,2.47,8659,367,99,4.22
Ônibus,10755,10.72,3.05,2.48,7068,325,110,3.98
Ônibus,11346,13.33,3.26,2.49,8617,256,117,3.51
Ônibus,12019,10.97,3.35,2.43,10515,278,109,4.32
Ônibus,13463,13.64,3.19,2.59,10756,438,93,4.76
Ônibus,11089,13.4,3.55,2.6,9219,323,111,3.1
Ônibus,14591,10.46,3.41,2.36,11289,254,119,4.54
Ônibus,13934,10.78,3.23,2.3,7225,364,119,4.25
Ônibus,13970,12.1,3.15,2.42,12615,257,99,3.82
Ônibus,12472,12.36,3.74,2.56,7544,399,101,4.12
Ônibus,11657,13.55,3.67,2.35,9216,312,109,3.64
Ônibus,11107,13.61,3.25,2.47,7813,252,100,4.87
Ônibus,13951,11.3,3.33,2.46,10939,287,108,4.2
Ônibus,14492,11.07,3.63,2.43,12936,317,98,3.8
Ônibus,11555,10.92,3.78,2.51,10941,418,96,3.44
Ônibus,13679,11.1,3.43,2.41,12032,412,95,4.4
Ônibus,13924,11.85,3.13,2.41,8345,334,120,4.4
Ônibus,12776,13.28,3.7,2.49,9804,371,92,3.76
Ônibus,11715,13.76,3.53,2.47,9738,280,92,3.14
Ônibus,11931,11.35,3.77,2.53,7535,406,101,4.72
Ônibus,14463,11.38,3.8,2.41,11392,313,118,4.32
Ônibus,11854,13.59,3.73,2.54,11834,372,116,4.51
Ônibus,10509,10.02,3.7,2.44,12591,261,112,3.55
Ônibus,10609,12.2,3.26,2.58,12979,293,92,4.83
Ônibus,14482,13.53,3.26,2.33,8050,361,117,4.07
Ônibus,13734,13.68,3.2,2.56,7727,310,118,3.82
Ônibus,14536,13.85,3.4,2.45,9696,272,103,3.33
Ônibus,12217,12.94,3.7,2.57,10136,268,101,4.85
Ônibus,10039,13.48,3.79,2.5,10443,434,119,4.18
Ônibus,12028,11.18,3.66,2.53,8606,342,96,3.92
Ônibus,14269,13.35,3.04,2.56,12196,344,102,4.59
Ônibus,11657,13.94,3.71,2.48,12877,258,110,3.78
Ônibus,11488,12.99,3.08,2.42,7046,401,116,3.02
Ônibus,11891,12.39,3.12,2.49,7321,410,120,3.7
Ônibus,10891,11.08,3.77,2.44,8886,442,114,3.14
Ônibus,10635,12.59,3.05,2.32,11255,395,106,3.22
Ônibus,11256,11.23,3.55,2.32,7421,262,91,4.49
Ônibus,12498,13.7,3.04,2.43,7107,310,111,4.71
Ônibus,14132,11.39,3.11,2.35,9119,400,102,3.54
Ônibus,11503,13.28,3.23,2.53,9492,376,99,3.69
Ônibus,10846,13.66,3.68,2.59,9224,416,110,4.08
Ônibus,11147,11.03,3.67,2.54,7375,350,107,3.53
Ônibus,13515,11.86,3.47,2.39,7818,362,94,3.99
Ônibus,12180,12.44,3.1,2.45,9658,255,93,3.06
Ônibus,10413,13.2,3.3,2.5,10212,425,119,4.36
Ônibus,11136,13.2,3.59,2.31,7466,442,96,3.28
Ônibus,12890,12.17,3.13,2.32,11959,350,117,4.9
Ônibus,13432,12.27,3.76,2.56,9470,340,103,3.49
Ônibus,12278,13.16,3.72,2.36,7174,395,103,4.29
Ônibus,11405,11.17,3.06,2.47,11509,428,105,4.84
Ônibus,12850,13.98,3.67,2.33,12916,401,120,3.95
Ônibus,10904,13.55,3.5,2.46,9879,321,102,4.43
Ônibus,14670,10.68,3.66,2.59,11613,440,119,4.79
Ônibus,11101,11.37,3.62,2.31,8417,273,101,3.95
Ônibus,12021,10.24,3.24,2.47,10975,295,101,3.22
Ônibus,11547,10.01,3.7,2.41,11893,307,95,3.63
Ônibus,13398,12.83,3.48,2.51,11258,359,117,4.82
Ônibus,14733,12.27,3.08,2.41,9991,312,111,4.35
Ônibus,11348,11.07,3.02,2.34,11910,400,110,4.86
Ônibus,10233,13.56,3.2,2.35,8715,295,105,4.6
Ônibus,14031,11.06,3.15,2.44,12006,255,115,3.87
Ônibus,14791,13.99,3.47,2.52,11845,412,104,4.51
Ônibus,11138,10.65,3.68,2.53,8654,446,104,3.14
Ônibus,13626,10.09,3.11,2.35,11915,443,99,3.12
Ônibus,11379,13.29,3.7,2.44,9867,258,104,4.69
Ônibus,12158,11.04,3.54,2.44,9613,318,95,3.89
Ônibus,10292,11.32,3.22,2.35,10847,344,118,3.96
Ônibus,12451,10.05,3.21,2.39,7151,370,112,3.18
Ônibus,12650,13.34,3.33,2.58,8610,414,119,4.39
Ônibus,10902,11.7,3.29,2.54,11221,441,118,4.82
Ônibus,14268,13.05,3.57,2.55,11035,264,109,3.44
Ônibus,11483,11.55,3.38,2.37,7175,345,97,3.87
Ônibus,12663,10.75,3.79,2.56,7704,287,108,3.43
Ônibus,12001,13.21,3.28,2.36,10442,284,104,3.39
Ônibus,14350,10.65,3.32,2.3,12856,297,101,3.74
Ônibus,10672,12.65,3.56,2.3,10966,398,104,3.53
Ônibus,14667,13.58,3.65,2.56,7190,367,106,3.73
Ônibus,10570,10.8,3.22,2.5,12494,329,100,4.25
Ônibus,10961,11.47,3.01,2.34,11300,317,104,4.44
Ônibus,11228,12.08,3.27,2.34,11843,394,100,4.23
Ônibus,10804,11.93,3.46,2.37,11260,275,108,4.01
Ônibus,12580,13.78,3.71,2.35,12500,370,100,4.93
Ônibus,11471,10.43,3.63,2.53,10848,449,90,4.12
Ônibus,12532,12.6,3.79,2.4,12830,349,101,3.51
Ônibus,11087,12.47,3.05,2.42,11625,259,103,3.82
Ônibus,11243,12.38,3.32,2.3,9921,408,102,4.4
Ônibus,12663,10.76,3.76,2.31,12052,380,104,3.44
Ônibus,12759,11.17,3.12,2.45,9347,357,99,3.04
Ônibus,13280,11.68,3.04,2.59,8072,331,102,4.61
Ônibus,13042,10.99,3.62,2.43,10830,400,90,4.1
Ônibus,14023,11.04,3.33,2.38,10453,274,112,4.11
Ônibus,11550,12.52,3.18,2.59,8602,392,94,4.3
Ônibus,13542,13.6,3.09,2.47,10919,295,104,4.46
Ônibus,10643,12.87,3.15,2.37,8206,267,109,4.63
Ônibus,11859,12.76,3.38,2.6,7851,446,118,4.98
Ônibus,10519,11.32,3.56,2.54,9108,354,119,4.33
Ônibus,12241,13.26,3.45,2.54,12562,355,109,4.6
Ônibus,10193,12.77,3.42,2.39,11764,314,112,3.27
Ônibus,14835,11.39,3.79,2.42,7024,422,111,3.6
Ônibus,12476,12.83,3.39,2.47,11463,254,106,4.02
Ônibus,10307,10.46,3.45,2.5,11798,404,104,3.53
Ônibus,11545,10.1,3.23,2.5,11266,424,90,4.6
Ônibus,10768,11.58,3.66,2.33,12329,292,95,3.83
Ônibus,10941,11.69,3.37,2.58,10962,331,96,3.23
Ônibus,13594,10.15,3.75,2.43,10812,306,91,4.03
Ônibus,11751,10.83,3.76,2.38,8273,317,111,4.66
Ônibus,12052,13.8,3.78,2.52,9974,350,101,3.01
Ônibus,13498,12.61,3.27,2.52,12017,370,92,3.74
Ônibus,12954,10.3,3.37,2.43,8940,284,113,3.32
Ônibus,11896,10.32,3.69,2.44,9886,337,95,4.97
Ônibus,12161,11.03,3.59,2.47,7147,318,94,4.16
Ônibus,14027,10.33,3.68,2.39,7627,337,102,3.13
Ônibus,11577,13.2,3.11,2.58,8305,416,114,3.28
Ônibus,13441,12.67,3.35,2.42,11875,445,98,4.45
Ônibus,13873,12.1,3.1,2.44,9066,254,106,4.15
Ônibus,14970,13.76,3.27,2.47,11573,270,110,3.06
Ônibus,13185,13.46,3.53,2.51,9694,279,108,4.52
Ônibus,14422,11.94,3.11,2.33,10326,309,93,3.74
Ônibus,14351,12.67,3.31,2.58,10919,400,109,4.28
Ônibus,14627,10.11,3.39,2.49,7650,311,91,3.77
Ônibus,10892,11.31,3.14,2.48,10290,272,113,3.55
Ônibus,14567,13.05,3.51,2.46,11567,350,94,3.44
Ônibus,11585,13.36,3.51,2.5,9769,399,98,3.39
Ônibus,10992,13.07,3.49,2.32,7273,387,101,4.91
Ônibus,13030,10.31,3.61,2.38,11555,394,117,4.55
Ônibus,13376,12.92,3.4,2.6,10530,391,90,3.81
Ônibus,11193,13.09,3.74,2.35,9717,425,91,3.28
Ônibus,13904,13.0,3.2,2.35,8829,340,114,4.49
Ônibus,11649,12.18,3.76,2.47,10283,374,94,3.94
Ônibus,12691,10.86,3.15,2.38,9599,320,106,4.84
Ônibus,14119,10.68,3.01,2.51,8160,325,108,4.61
Ônibus,12754,10.54,3.27,2.51,11986,416,115,4.36
Ônibus,11212,11.21,3.61,2.51,7030,252,117,4.01
Ônibus,13139,10.42,3.65,2.4,8613,426,116,4.2
Ônibus,11339,10.51,3.48,2.34,7327,319,107,3.84
Ônibus,11993,13.9,3.52,2.58,8232,342,102,3.91
Ônibus,13721,13.19,3.4,2.39,8481,361,90,4.68
Ônibus,14938,10.86,3.01,2.54,9091,309,92,3.91
Ônibus,13918,13.88,3.45,2.3,11528,383,110,3.14
Ônibus,10243,10.63,3.15,2.49,7132,269,114,3.4
Ônibus,11534,12.17,3.35,2.32,12904,299,102,3.14
Ônibus,12971,13.98,3.25,2.49,9133,415,101,3.41
Ônibus,13090,11.91,3.25,2.47,7860,368,97,4.08
Ônibus,12432,13.97,3.39,2.56,10293,360,110,4.65
Ônibus,14142,13.33,3.52,2.44,12823,292,111,4.95
Ônibus,12286,11.53,3.7,2.43,7382,432,106,3.53
Ônibus,11565,13.69,3.67,2.4,11948,443,111,3.92
Ônibus,11801,11.27,3.08,2.54,9494,424,116,3.1
Ônibus,13477,12.59,3.73,2.6,12665,311,102,4.49
Ônibus,10208,13.99,3.39,2.49,11302,363,105,3.79
Ônibus,13948,14.0,3.72,2.45,10749,358,99,3.8
Ônibus,11605,12.79,3.59,2.59,8464,443,92,4.25
Ônibus,11179,13.31,3.29,2.32,7051,339,107,4.24
Ônibus,14725,10.3,3.23,2.48,12414,355,100,3.75
Ônibus,14446,12.03,3.67,2.52,8601,342,113,3.02
Ônibus,10016,10.53,3.27,2.57,10358,381,108,4.17
Ônibus,10572,12.85,3.16,2.32,10822,297,99,4.36
Ônibus,13402,13.54,3.5,2.49,9206,384,119,3.52
Ônibus,13363,13.5,3.12,2.41,9569,406,111,4.85
Ônibus,11403,13.09,3.2,2.52,10056,402,116,3.07
Ônibus,13242,13.87,3.62,2.4,10840,404,107,3.21
Ônibus,14436,12.41,3.15,2.42,8993,328,111,3.91
Ônibus,13118,13.24,3.54,2.58,10584,255,96,4.17
Ônibus,10408,10.52,3.61,2.35,12789,398,109,4.49
Ônibus,11820,10.07,3.5,2.46,10263,445,107,4.31
Ônibus,12234,11.8,3.3,2.6,9696,308,93,4.88
Ônibus,14497,13.82,3.42,2.46,10249,377,99,4.4
Ônibus,12173,10.5,3.35,2.52,11967,302,111,4.32
Ônibus,13302,12.07,3.74,2.43,10030,289,109,4.61
Ônibus,12919,10.12,3.18,2.47,10217,354,118,3.19
Ônibus,13207,13.86,3.59,2.48,12249,432,98,4.56
Ônibus,13192,13.76,3.08,2.58,12037,443,107,3.43
Ônibus,14474,13.86,3.35,2.3,8670,262,106,4.69
Ônibus,13577,13.89,3.56,2.5,8853,448,96,4.26
Ônibus,14133,10.92,3.72,2.52,9677,369,109,4.28
Ônibus,10347,12.75,3.22,2.37,10334,317,114,3.8
Ônibus,12752,12.48,3.4,2.55,12619,435,99,4.25
Ônibus,10743,12.4,3.14,2.57,12334,392,115,4.32
Ônibus,11783,13.84,3.32,2.42,7548,285,119,3.89
Ônibus,13024,10.16,3.57,2.35,7927,421,109,3.58
Ônibus,11279,13.44,3.46,2.55,10807,381,90,3.16
Ônibus,11292,12.76,3.64,2.43,7443,442,112,3.11
Ônibus,14421,13.46,3.11,2.47,8744,379,94,4.38
Ônibus,11563,11.28,3.18,2.53,9608,293,116,4.19
Ônibus,13136,11.43,3.61,2.38,7343,355,112,4.35
Ônibus,10473,13.62,3.49,2.56,10009,373,90,3.55
Ônibus,10301,11.37,3.35,2.33,7337,399,120,4.25
Ônibus,11012,11.47,3.35,2.38,9627,320,95,3.81
Ônibus,11774,11.99,3.37,2.34,11644,319,120,3.2
Ônibus,12036,12.21,3.3,2.51,7472,340,105,4.68
Ônibus,13238,11.91,3.35,2.56,9739,259,100,3.91
Ônibus,10400,13.61,3.13,2.45,10443,255,97,3.81
Ônibus,12514,13.05,3.46,2.57,7100,448,103,3.47
Ônibus,14076,13.09,3.1,2.41,11922,291,97,4.14
Ônibus,14430,12.26,3.19,2.31,12303,420,116,3.84
Ônibus,12169,13.87,3.56,2.36,9748,321,120,4.8
Ônibus,12031,12.07,3.24,2.3,8756,334,109,4.7
Ônibus,14682,10.38,3.02,2.42,9490,300,98,3.92
Ônibus,13026,13.28,3.22,2.44,11444,401,120,4.31
Ônibus,11474,11.64,3.14,2.38,12855,400,100,3.94
Ônibus,10801,10.97,3.1,2.52,7349,445,90,4.95
Ônibus,11213,13.59,3.25,2.44,9432,318,117,3.1
Ônibus,11005,12.44,3.75,2.56,8773,326,115,4.07
Ônibus,10493,11.27,3.37,2.51,9334,274,114,4.41
Ônibus,11488,12.72,3.06,2.33,11016,314,113,3.82
Ônibus,13147,11.81,3.11,2.35,8814,307,111,4.35
Ônibus,11457,13.94,3.44,2.32,9090,263,110,3.87
Ônibus,12423,10.02,3.21,2.36,8442,373,98,4.71
Ônibus,11051,13.98,3.46,2.33,9622,259,98,4.76
Ônibus,11996,10.62,3.65,2.39,11651,253,115,3.24
Ônibus,12225,12.01,3.01,2.55,11398,351,103,3.14
Ônibus,13301,13.76,3.17,2.51,12300,270,111,3.59
Ônibus,13059,11.5,3.46,2.42,10572,430,118,4.04
Ônibus,13219,11.99,3.26,2.32,9606,355,99,4.67
Ônibus,14967,12.15,3.54,2.45,8388,377,112,3.33
Ônibus,14341,13.61,3.21,2.43,10703,359,108,4.35
Ônibus,10656,11.35,3.44,2.57,9481,383,120,4.62
Ônibus,14005,13.65,3.7,2.31,8233,370,110,4.3
Ônibus,11739,12.72,3.46,2.51,10877,351,116,4.32
Ônibus,13859,11.44,3.13,2.48,11665,339,90,4.63
Ônibus,11305,12.86,3.72,2.51,8578,275,104,4.25
Ônibus,12691,10.4,3.68,2.35,8973,288,90,4.28
Ônibus,12081,12.95,3.33,2.51,10175,282,108,4.42
Ônibus,14251,10.21,3.74,2.57,11681,388,116,3.49
Ônibus,11004,11.18,3.72,2.47,9021,383,98,3.29
Ônibus,11330,11.92,3.12,2.54,12251,289,115,3.85
Ônibus,10055,13.22,3.44,2.51,12279,430,112,4.55
Ônibus,10813,13.07,3.76,2.43,9969,433,99,4.99
Ônibus,10386,13.72,3.25,2.36,9420,433,107,3.74
Ônibus,14228,10.31,3.07,2.38,11443,437,91,4.82
Ônibus,13956,13.16,3.25,2.47,10439,313,111,4.72
Ônibus,11647,11.91,3.49,2.48,12095,444,93,4.51
Ônibus,14307,12.68,3.57,2.43,8531,297,110,4.99
Ônibus,11273,10.41,3.4,2.3,8176,400,91,3.7
Ônibus,12996,10.16,3.08,2.43,10037,392,92,3.58
Ônibus,13169,13.95,3.78,2.45,7235,352,110,4.54
Ônibus,13953,13.17,3.78,2.34,11614,377,120,4.9
Ônibus,13406,10.66,3.49,2.59,12000,360,120,3.1
Ônibus,12296,13.08,3.46,2.54,8677,433,101,4.47
Ônibus,13866,13.08,3.57,2.53,7346,368,90,4.79
Ônibus,11488,11.54,3.77,2.36,12840,380,95,4.92
Ônibus,10556,10.99,3.04,2.58,10911,259,107,3.86
Ônibus,14412,11.3,3.74,2.37,7200,257,116,3.95
Ônibus,13740,11.63,3.6,2.57,11643,381,110,3.28
Ônibus,10087,13.97,3.44,2.38,8274,270,103,3.53
Ônibus,10271,12.01,3.16,2.45,9329,388,117,4.65
Ônibus,12501,10.95,3.8,2.55,9068,255,95,3.75
Ônibus,13687,11.13,3.62,2.4,10618,347,117,3.74
Ônibus,14552,11.58,3.48,2.33,7388,301,111,4.34
Ônibus,13168,10.28,3.62,2.56,11338,441,119,4.0
Ônibus,14457,11.68,3.34,2.41,7752,320,102,3.91
Ônibus,11976,10.82,3.4,2.35,7206,330,95,4.7
Ônibus,13777,11.25,3.33,2.37,8743,413,109,4.32
Ônibus,12448,13.97,3.33,2.34,12475,266,116,4.91
Ônibus,11059,11.31,3.12,2.58,8578,439,114,4.36
Ônibus,11968,12.8,3.76,2.39,10112,367,118,3.9
Ônibus,13118,13.71,3.04,2.31,7875,448,103,4.89
Ônibus,11731,13.96,3.05,2.54,11787,260,118,3.78
Caminhão,9100,7.0,3.06,2.28,5877,254,139,3.96
Caminhão,8770,6.21,2.69,2.24,5414,225,100,5.0
Caminhão,10394,7.03,2.57,2.34,7952,213,137,4.19
Caminhão,9211,6.08,2.69,2.27,4993,275,117,3.6
Caminhão,7874,8.94,3.01,2.46,6601,246,110,4.49
Caminhão,11690,6.54,2.56,2.23,5481,319,107,4.87
Caminhão,8720,6.36,3.05,2.29,4851,296,136,5.36
Caminhão,10709,6.13,2.7,2.33,4665,200,135,4.47
Caminhão,10332,6.06,2.69,2.45,6796,283,108,4.17
Caminhão,7194,6.92,3.17,2.4,6794,303,115,5.02
Caminhão,7012,8.6,2.73,2.44,5645,241,111,4.73
Caminhão,9676,8.42,3.13,2.45,5639,257,131,5.33
Caminhão,11518,8.48,2.53,2.24,5978,251,139,4.21
Caminhão,11349,6.73,3.2,2.41,5272,273,133,4.18
Caminhão,7833,7.35,3.04,2.39,6305,209,134,3.73
Caminhão,8884,7.86,2.89,2.47,6407,296,102,4.21
Caminhão,10458,6.7,3.18,2.32,6420,194,124,3.86
Caminhão,10471,6.86,2.68,2.26,7771,338,111,4.4
Caminhão,9811,6.39,2.96,2.26,5541,257,133,5.46
Caminhão,10707,7.59,2.98,2.23,6340,224,114,4.46
Caminhão,11052,8.58,2.96,2.29,6733,247,125,5.0
Caminhão,9546,7.31,2.58,2.49,5134,277,109,5.48
Caminhão,8545,7.84,2.87,2.34,7203,257,106,4.45
Caminhão,11397,7.93,2.88,2.33,6996,314,104,4.39
Caminhão,8004,8.72,2.58,2.48,7710,223,125,4.05
Caminhão,11223,6.0,2.63,2.37,5095,245,133,3.73
Caminhão,10285,8.73,2.53,2.36,6695,190,133,3.87
Caminhão,7369,6.85,2.95,2.29,4836,189,103,4.13
Caminhão,10388,6.4,2.99,2.31,7441,248,113,5.26
Caminhão,11047,8.52,2.54,2.46,7837,334,135,4.63
Caminhão,7649,7.73,2.87,2.46,7272,332,100,4.18
Caminhão,11254,8.14,3.05,2.36,5532,315,118,4.26
Caminhão,7504,7.13,3.17,2.26,5069,217,113,5.32
Caminhão,7951,7.45,2.8,2.31,7965,203,105,5.37
Caminhão,11700,7.74,2.75,2.41,4911,285,119,3.65
Caminhão,9159,7.27,2.87,2.46,7648,328,130,4.34
Caminhão,8063,7.09,3.03,2.28,6452,209,130,4.01
Caminhão,11085,8.91,2.87,2.35,6829,200,115,4.89
Caminhão,11391,8.39,2.93,2.31,7405,296,131,5.09
Caminhão,9468,7.34,3.04,2.44,7404,342,102,4.21
Caminhão,7191,8.7,3.02,2.27,7038,233,135,5.28
Caminhão,10829,8.77,2.96,2.43,4581,343,100,4.61
Caminhão,9569,7.18,2.78,2.26,7990,304,115,4.02
Caminhão,8773,6.88,3.09,2.44,7305,275,138,4.62
Caminhão,9203,7.26,3.04,2.48,4776,242,122,3.95
Caminhão,8492,7.63,2.65,2.35,7473,271,104,5.07
Caminhão,7771,6.09,2.62,2.34,7659,232,138,4.41
Caminhão,11341,6.53,2.86,2.32,7489,198,115,4.51
Caminhão,8556,7.94,2.84,2.31,6057,306,124,5.05
Caminhão,7965,6.7,2.56,2.23,5631,331,126,3.67
Caminhão,7102,7.69,2.67,2.37,6791,182,122,4.65
Caminhão,7181,8.14,3.1,2.25,4856,253,139,4.22
Caminhão,8891,7.01,2.74,2.44,7108,206,102,4.16
Caminhão,10264,7.46,2.76,2.45,4740,245,106,4.81
Caminhão,9963,6.82,3.17,2.33,5101,301,140,5.28
Caminhão,10344,6.75,2.51,2.37,5834,315,111,5.1
Caminhão,8617,6.55,2.65,2.48,7489,305,114,4.18
Caminhão,9617,7.5,2.92,2.3,7608,242,101,3.61
Caminhão,11653,7.23,3.16,2.34,7188,227,116,5.24
Caminhão,8822,7.14,2.76,2.48,7153,258,136,3.59
Caminhão,10365,8.67,2.77,2.25,5732,333,120,4.82
Caminhão,8320,8.27,2.71,2.3,6545,259,100,4.78
Caminhão,11413,7.68,2.97,2.48,5564,248,106,5.22
Caminhão,11556,7.41,2.75,2.28,4708,188,103,3.73
Caminhão,11379,7.21,3.07,2.38,7351,288,130,4.28
Caminhão,11031,7.29,2.56,2.46,7622,225,128,3.68
Caminhão,8998,8.47,2.91,2.35,6003,348,133,4.4
Caminhão,10768,6.12,2.85,2.42,7701,208,109,3.54
Caminhão,9130,6.45,2.92,2.38,7854,195,124,5.5
Caminhão,9268,6.5,2.71,2.38,5842,283,100,4.48
Caminhão,11562,7.19,2.55,2.33,7779,196,105,4.8
Caminhão,10156,8.06,2.74,2.23,4716,329,139,3.96
Caminhão,10509,7.16,2.92,2.32,6147,259,107,4.01
Caminhão,11194,8.62,3.16,2.24,6118,284,115,5.2
Caminhão,7681,7.23,3.16,2.28,7312,291,120,3.95
Caminhão,11156,6.04,2.84,2.2,6227,276,137,3.61
Caminhão,8670,8.44,3.02,2.35,7867,301,136,4.66
Caminhão,10576,6.9,3.1,2.31,6212,235,138,3.74
Caminhão,8339,7.67,2.96,2.38,5222,248,106,4.68
Caminhão,9171,7.65,2.8,2.45,7813,301,121,5.26
Caminhão,9532,8.54,2.99,2.44,6677,196,122,3.94
Caminhão,11114,7.65,2.67,2.4,5923,226,126,4.5
Caminhão,10601,7.66,2.68,2.4,6436,323,104,3.76
Caminhão,10879,7.78,3.13,2.45,7379,235,134,4.99
Caminhão,7342,8.04,3.1,2.38,5172,313,110,4.54
Caminhão,10211,6.78,2.74,2.39,5339,214,140,5.17
Caminhão,8719,6.26,2.53,2.27,6630,296,122,3.8
Caminhão,9946,7.17,2.53,2.45,7850,244,126,5.41
Caminhão,11519,6.05,2.57,2.5,6935,277,102,5.45
Caminhão,9914,8.28,2.62,2.28,6524,274,117,4.7
Caminhão,8149,7.31,3.15,2.23,4704,349,137,4.54
Caminhão,10074,7.59,3.13,2.26,6758,294,116,5.23
Caminhão,11140,6.81,3.01,2.24,7412,222,118,4.29
Caminhão,7793,7.44,2.78,2.43,6203,271,126,3.97
Caminhão,10712,6.28,2.56,2.49,5240,313,123,5.18
Caminhão,7137,8.18,2.69,2.34,4527,218,104,3.7
Caminhão,11662,6.72,2.87,2.27,7019,245,100,3.9
Caminhão,11476,8.57,2.78,2.34,6670,292,127,5.43
Caminhão,8715,8.15,2.9,2.3,5558,273,102,3.95
Caminhão,10067,7.14,2.86,2.3,5774,220,111,4.55
Caminhão,10969,7.42,3.19,2.43,6767,209,109,4.57
Caminhão,8993,7.0,2.56,2.36,7783,200,112,5.26
Caminhão,8028,7.36,2.57,2.35,5567,339,129,5.04
Caminhão,7873,7.25,2.84,2.45,6016,331,106,3.98
Caminhão,7949,7.93,2.87,2.31,7288,271,118,4.29
Caminhão,10579,8.63,2.59,2.26,6582,334,132,4.28
Caminhão,11958,6.33,3.13,2.48,5415,330,107,3.65
Caminhão,9887,6.86,2.99,2.41,6860,258,138,4.08
Caminhão,7719,8.39,2.79,2.25,7257,306,132,4.17
Caminhão,11844,7.77,3.16,2.47,7383,319,102,5.16
Caminhão,8680,7.21,3.18,2.46,5904,231,125,3.82
Caminhão,10340,8.32,2.87,2.41,6196,272,134,4.76
Caminhão,8270,6.16,3.17,2.21,5315,187,102,5.11
Caminhão,11725,7.22,3.15,2.48,6613,198,100,3.83
Caminhão,10331,7.1,2.99,2.24,7010,181,126,5.05
Caminhão,7523,7.57,2.83,2.41,6737,343,120,4.22
Caminhão,10639,7.96,2.76,2.27,6095,233,124,3.77
Caminhão,11997,8.99,3.15,2.26,5183,270,124,4.05
Caminhão,9911,7.57,2.68,2.28,4931,251,106,3.56
Caminhão,10862,8.77,2.57,2.47,7248,325,134,5.42
Caminhão,9978,8.52,3.01,2.44,5527,311,140,4.57
Caminhão,11003,7.14,3.09,2.47,7305,191,112,4.73
Caminhão,7449,8.57,3.12,2.21,7104,184,117,4.33
Caminhão,11049,8.54,2.94,2.32,7351,188,134,5.36
Caminhão,10820,8.76,2.8,2.5,6131,332,100,4.47
Caminhão,11641,6.15,2.66,2.25,7697,278,108,4.82
Caminhão,7470,7.79,2.55,2.23,5544,325,115,3.56
Caminhão,7661,8.91,2.61,2.24,5300,183,136,3.95
Caminhão,10670,8.44,2.83,2.22,4827,321,138,5.2
Caminhão,11892,7.25,2.93,2.42,4608,293,125,5.03
Caminhão,7920,6.61,3.03,2.3,7716,350,106,5.03
Caminhão,11185,8.58,2.6,2.21,5179,303,102,4.18
Caminhão,11607,8.48,2.94,2.39,4853,207,132,5.5
Caminhão,8274,6.48,2.62,2.26,6963,192,104,3.72
Caminhão,9364,8.49,2.86,2.48,7008,280,116,4.2
Caminhão,8146,7.75,2.87,2.2,7865,185,125,4.11
Caminhão,8518,8.16,2.81,2.46,5332,319,136,4.8
Caminhão,11700,7.59,2.78,2.42,7448,246,118,4.15
Caminhão,8458,8.43,2.53,2.26,6951,316,102,3.99
Caminhão,7161,6.24,3.12,2.37,7180,313,134,5.03
Caminhão,8805,6.91,3.18,2.28,6727,227,123,5.07
Caminhão,9329,8.77,2.58,2.41,7109,193,123,4.47
Caminhão,9011,7.58,2.9,2.28,6855,268,137,5.16
Caminhão,10984,6.67,2.92,2.33,6586,258,103,4.24
Caminhão,10063,6.42,2.87,2.22,7596,254,113,5.21
Caminhão,9318,6.12,2.56,2.45,4979,224,128,4.18
Caminhão,7615,6.19,2.67,2.34,7980,247,109,5.36
Caminhão,7925,6.19,2.83,2.46,5994,294,135,4.98
Caminhão,11535,7.79,3.15,2.3,5300,299,124,4.07
Caminhão,9105,6.75,3.1,2.41,7211,331,105,3.91
Caminhão,11715,7.12,2.79,2.28,4810,208,127,4.06
Caminhão,7042,6.61,3.01,2.31,5281,301,124,4.36
Caminhão,11688,7.84,2.97,2.22,5616,226,111,5.07
Caminhão,9090,8.99,2.67,2.27,7728,282,111,5.19
Caminhão,10851,7.16,2.98,2.49,6984,273,117,5.06
Caminhão,7875,8.39,2.61,2.48,7726,320,129,3.51
Caminhão,11195,6.16,2.69,2.41,7938,287,112,3.89
Caminhão,8515,6.62,2.95,2.45,7514,188,113,4.71
Caminhão,7324,7.44,2.93,2.28,7330,285,102,5.18
Caminhão,9152,7.62,2.95,2.3,7863,278,112,5.01
Caminhão,11776,6.33,3.07,2.24,6044,253,116,4.06
Caminhão,11363,7.75,2.62,2.35,6478,240,136,3.96
Caminhão,8710,7.97,2.91,2.3,4789,239,112,4.2
Caminhão,7015,7.93,3.13,2.38,5642,311,127,3.88
Caminhão,9075,8.01,2.77,2.39,7423,275,102,4.61
Caminhão,7993,8.88,3.17,2.46,5655,185,108,3.94
Caminhão,7747,6.14,2.65,2.31,7163,287,139,4.36
Caminhão,7989,8.32,2.62,2.28,5354,304,129,4.32
Caminhão,10888,6.18,2.76,2.25,5650,308,107,5.04
Caminhão,10665,8.57,2.59,2.37,4772,233,135,3.5
Caminhão,11328,7.21,2.97,2.21,5106,274,137,4.64
Caminhão,9720,8.96,2.99,2.23,6333,216,132,5.25
Caminhão,8830,7.39,3.04,2.41,5473,264,121,4.03
Caminhão,8311,7.42,2.6,2.42,7787,288,108,3.91
Caminhão,11400,8.32,2.58,2.4,7982,233,137,4.0
Caminhão,10958,7.98,3.02,2.37,6008,208,111,3.98
Caminhão,10326,8.03,2.75,2.41,5048,304,102,3.67
Caminhão,10009,6.0,3.13,2.43,4810,221,114,5.4
Caminhão,11227,8.56,3.04,2.41,6225,335,131,5.21
Caminhão,8498,8.05,2.88,2.44,5760,333,117,4.35
Caminhão,8226,7.19,2.58,2.34,7239,255,121,4.77
Caminhão,11535,7.87,2.65,2.29,7978,307,108,4.38
Caminhão,9715,6.19,2.51,2.45,6883,236,115,3.82
Caminhão,11359,7.08,2.9,2.48,7371,344,118,5.11
Caminhão,11938,8.87,2.82,2.31,6209,339,140,3.7
Caminhão,8256,6.3,2.87,2.24,4717,182,127,3.59
Caminhão,7487,8.94,2.67,2.24,4664,305,125,4.53
Caminhão,10141,7.95,2.76,2.35,5761,269,110,3.75
Caminhão,9979,8.47,2.96,2.34,7607,293,114,3.57
Caminhão,11987,7.68,2.81,2.32,5992,194,101,4.82
Caminhão,10279,7.63,3.05,2.43,4549,203,106,3.54
Caminhão,9120,8.39,2.8,2.33,7924,277,118,3.6
Caminhão,11171,8.19,2.87,2.45,4925,289,132,4.8
Caminhão,9311,7.93,2.73,2.36,7000,291,130,4.14
Caminhão,10933,6.85,3.07,2.25,5243,309,129,4.1
Caminhão,8260,8.15,2.83,2.48,7965,217,125,4.96
Caminhão,11676,6.23,3.17,2.32,7958,255,109,4.74
Caminhão,7905,6.6,3.15,2.4,4513,268,134,5.49
Caminhão,7910,7.91,2.86,2.46,6028,219,100,5.03
Caminhão,9351,7.48,2.86,2.26,6126,207,118,4.04
Caminhão,11985,6.63,2.79,2.36,7215,195,110,4.66
Caminhão,8208,8.95,2.59,2.29,7782,337,107,4.61
Caminhão,8651,8.55,2.55,2.27,5280,322,137,5.14
Caminhão,7953,6.19,3.06,2.21,7950,309,128,3.91
Caminhão,11242,6.62,2.92,2.34,6490,291,108,4.79
Caminhão,10246,6.22,2.65,2.29,7482,242,140,4.7
Caminhão,9437,6.51,2.91,2.3,6521,305,108,5.15
Caminhão,8514,7.91,2.95,2.35,6855,338,133,4.61
Caminhão,8725,6.55,3.12,2.2,5928,205,131,3.95
Caminhão,9324,6.63,2.58,2.32,5617,349,135,4.4
Caminhão,10589,7.89,3.01,2.41,5038,292,102,3.54
Caminhão,11010,7.56,3.16,2.35,5297,275,101,4.28
Caminhão,7779,6.24,3.16,2.31,6427,249,132,3.91
Caminhão,8570,6.51,2.72,2.48,4705,241,135,3.78
Caminhão,9165,8.85,3.06,2.26,4834,198,118,4.08
Caminhão,10375,7.06,2.92,2.49,7076,239,135,5.39
Caminhão,8415,6.24,3.0,2.41,6794,247,114,5.0
Caminhão,9986,8.57,2.95,2.25,6875,209,132,3.79
Caminhão,11879,8.48,2.61,2.47,5771,350,121,4.6
Caminhão,11428,6.45,2.53,2.44,5989,237,132,5.25
Caminhão,7491,7.27,2.71,2.4,6707,278,128,3.66
Caminhão,7844,7.87,2.94,2.2,7443,212,137,4.59
Caminhão,8909,8.32,2.99,2.43,6882,324,135,4.75
Caminhão,9349,6.44,2.92,2.22,6388,215,118,3.53
Caminhão,7045,8.79,3.14,2.3,7399,243,123,4.57
Caminhão,11261,8.98,2.89,2.39,4910,185,119,5.39
Caminhão,11145,7.08,2.97,2.25,6901,238,112,4.68
Caminhão,10719,6.12,2.8,2.37,4778,268,118,3.89
Caminhão,8826,6.49,2.74,2.22,5289,212,103,4.88
Caminhão,10123,8.14,3.14,2.23,7845,324,133,5.18
Caminhão,10671,8.18,3.05,2.39,4758,330,125,3.54
Caminhão,7166,8.7,2.71,2.44,6189,211,105,4.04
Caminhão,8574,7.98,2.94,2.3,5614,347,139,5.27
Caminhão,9617,7.92,2.71,2.26,7423,231,100,4.32
Caminhão,7480,7.99,3.17,2.3,6019,290,113,4.49
Caminhão,11848,7.71,2.69,2.38,6513,271,125,3.98
Caminhão,11425,7.94,2.88,2.38,6726,230,136,4.29
Caminhão,9263,7.46,2.5,2.38,5937,281,130,3.67
Caminhão,7606,7.98,2.77,2.28,6286,201,136,4.72
Caminhão,8145,8.58,3.15,2.36,5180,204,134,4.71
Caminhão,9646,6.06,3.19,2.36,5184,215,126,4.89
Caminhão,7212,7.11,2.67,2.34,7782,198,112,4.9
Caminhão,11181,7.91,2.79,2.23,6924,336,125,5.15
Caminhão,9578,7.61,2.59,2.34,7216,252,133,4.83
Caminhão,7262,7.61,2.54,2.37,7426,341,113,5.24
Caminhão,11612,8.93,2.59,2.49,7805,186,130,5.04
Caminhão,8163,8.88,3.03,2.36,6297,228,135,3.7
Caminhão,9680,7.3,3.05,2.29,6000,345,128,4.85
Caminhão,7591,7.95,2.67,2.37,5722,328,129,4.21
Caminhão,11257,7.08,2.62,2.4,7229,315,114,4.73
Caminhão,8886,6.85,2.89,2.37,5534,267,110,4.07
Caminhão,7966,8.32,2.51,2.37,7755,313,113,3.77
Caminhão,7639,6.25,2.8,2.27,5102,193,121,4.45
Caminhão,9217,6.34,3.16,2.33,5987,186,139,4.05
Caminhão,11640,7.92,2.53,2.25,7703,264,110,4.55
Caminhão,9778,7.46,2.9,2.3,5371,220,111,4.38
Caminhão,7460,6.07,2.94,2.47,5316,316,128,4.08
Caminhão,10287,7.92,2.88,2.35,7272,267,117,3.97
Caminhão,11414,6.11,2.97,2.26,6481,243,128,3.85
Caminhão,10811,8.29,2.51,2.34,7992,256,138,3.54
Caminhão,10232,6.55,3.13,2.45,5591,219,106,3.87
Caminhão,10237,6.99,2.96,2.46,6631,180,106,3.53
Caminhão,10800,6.18,3.16,2.44,7709,274,137,5.47
Caminhão,11991,6.74,2.94,2.27,7282,203,103,4.13
Caminhão,11942,8.01,2.85,2.42,7109,256,126,4.75
Caminhão,11709,6.38,3.15,2.31,4543,255,108,3.85
Caminhão,10324,8.03,2.99,2.34,5494,283,127,3.54
Caminhão,11871,6.54,2.7,2.26,7378,295,126,3.83
Caminhão,7142,6.75,2.7,2.28,7592,276,140,4.71
Caminhão,8734,8.89,2.75,2.38,5152,319,138,3.91
Caminhão,7989,8.42,3.01,2.43,5812,331,139,3.58
Caminhão,8333,6.48,2.82,2.47,6155,317,129,4.23
Caminhão,9975,8.03,3.16,2.2,5016,202,120,4.24
Caminhão,7430,7.0,3.07,2.32,5948,286,133,4.82
Caminhão,7188,6.12,3.08,2.41,6096,309,117,4.83
Caminhão,9295,7.12,2.95,2.41,7870,230,126,4.73
Caminhão,10652,8.14,2.57,2.26,5011,339,132,4.93
Caminhão,7587,6.66,2.89,2.48,7274,303,121,4.23
Caminhão,9479,8.55,2.64,2.4,6647,227,118,3.69
Caminhão,8465,6.81,3.02,2.32,6538,210,136,3.97
Caminhão,11055,6.48,2.82,2.32,5848,225,121,4.97
Caminhão,11596,8.05,2.8,2.42,4847,318,114,3.83
Caminhão,10766,6.74,2.96,2.35,5987,328,114,4.3
Caminhão,7628,8.01,3.02,2.22,7620,247,107,3.67
Caminhão,9844,8.49,3.03,2.22,5319,304,116,5.2
Caminhão,9915,7.58,3.1,2.23,6782,203,134,4.27
Caminhão,11224,7.69,2.76,2.4,6864,347,102,5.34
Caminhão,7279,7.53,2.74,2.21,6270,273,120,4.31
Caminhão,8478,8.83,2.79,2.48,5685,264,136,4.65
Caminhão,11982,7.78,2.85,2.34,6438,181,120,4.8
Caminhão,8718,6.82,3.08,2.44,5356,330,128,5.33
Caminhão,7653,6.37,2.93,2.26,4701,273,120,4.28
Caminhão,8181,6.47,2.97,2.49,7603,261,112,4.45
Caminhão,11877,6.2,2.99,2.22,5577,286,130,4.63
Caminhão,8534,7.87,3.1,2.22,4653,322,100,4.9
Caminhão,7162,7.95,2.51,2.48,5029,276,124,4.77
Caminhão,9623,7.92,2.81,2.41,7470,293,111,4.48
Caminhão,7754,6.31,2.94,2.43,6918,207,111,5.04
Caminhão,10032,7.0,3.0,2.33,6435,279,134,4.09
Caminhão,9616,8.23,2.6,2.45,5374,244,140,4.98
Caminhão,10911,7.03,3.0,2.46,5067,334,119,4.14
Caminhão,7819,6.5,2.77,2.31,7057,246,119,5.1
Caminhão,9684,8.51,2.86,2.33,6145,275,115,3.84
Caminhão,11572,6.12,2.76,2.44,7491,239,115,4.11
Caminhão,11096,7.44,2.72,2.23,7306,275,138,4.03
Caminhão,9556,6.12,2.9,2.24,4745,316,108,3.57
Caminhão,11119,7.31,3.12,2.4,7622,281,123,4.16
Caminhão,10889,7.02,2.63,2.49,6054,295,114,5.03
Caminhão,7450,8.26,3.05,2.35,5304,215,112,3.96
Caminhão,7295,7.41,2.87,2.36,7695,334,108,4.65
Caminhão,9799,7.61,2.62,2.25,5001,307,120,5.32
Caminhão,8888,7.76,2.56,2.48,5148,301,103,4.63
Caminhão,7682,8.23,2.94,2.35,5682,221,117,3.71
Caminhão,8290,7.21,2.52,2.49,6258,337,123,4.06
Caminhão,10178,7.75,3.0,2.25,7748,252,120,4.15
Caminhão,10134,6.19,3.18,2.31,5449,276,124,3.89
Caminhão,9490,7.74,2.61,2.3,6592,288,132,3.6
Caminhão,9788,7.41,2.69,2.45,7713,256,100,4.78
Caminhão,11923,6.04,3.03,2.24,6607,231,116,3.81
Caminhão,11294,8.33,2.99,2.2,4640,210,125,3.63
Caminhão,10573,7.03,3.05,2.36,6013,267,139,5.35
Caminhão,9767,7.42,2.77,2.36,5673,238,104,4.54
Caminhão,10610,6.63,2.68,2.21,7154,349,105,4.34
Caminhão,7362,6.65,3.03,2.21,4986,273,133,4.48
Caminhão,11194,7.34,2.59,2.28,5661,252,110,4.45
Caminhão,8340,6.76,3.09,2.39,7868,203,134,4.12
Caminhão,9534,7.1,3.1,2.43,6135,240,117,4.36
Caminhão,7933,8.71,3.15,2.47,6583,317,126,4.21
Caminhão,10091,8.18,2.94,2.28,6687,252,106,5.1
Caminhão,7908,8.17,3.07,2.37,7147,208,133,4.7
Caminhão,11562,8.9,2.62,2.39,5218,257,101,3.96
Caminhão,9558,7.73,3.19,2.44,7599,210,102,4.7
Caminhão,8311,8.54,3.02,2.41,6232,207,127,4.55
Caminhão,8977,8.73,2.94,2.36,5977,207,138,3.98
Caminhão,11397,6.85,2.6,2.43,6733,264,108,3.9
Caminhão,9134,6.94,2.69,2.29,6877,228,106,5.01
Caminhão,7882,8.58,2.89,2.24,6666,294,111,4.1
Caminhão,11772,6.83,2.69,2.26,5979,255,123,4.81
Caminhão,9390,6.7,2.97,2.47,6507,326,136,4.95
Caminhão,10636,8.25,2.61,2.28,5909,251,131,5.06
Caminhão,8642,7.73,3.16,2.31,7683,190,100,3.85
Caminhão,10848,6.44,2.86,2.31,4658,323,109,4.51
Caminhão,8023,7.47,2.8,2.27,7026,281,106,4.08
Caminhão,8792,6.54,2.7,2.4,4911,241,110,3.66
Caminhão,7657,6.01,2.62,2.39,6530,310,130,3.78
Caminhão,10664,7.67,2.86,2.34,4820,274,104,5.48
Caminhão,10010,6.36,2.86,2.47,6067,287,129,5.31
Caminhão,10058,8.23,2.88,2.24,6705,192,109,4.09
Caminhão,11721,6.56,3.1,2.34,5959,241,131,5.34
Caminhão,11111,8.62,2.91,2.25,7894,276,110,4.73
Caminhão,11953,6.39,3.16,2.44,5951,349,102,4.3
Caminhão,7185,7.65,2.86,2.33,4727,273,124,4.07
Caminhão,9397,7.49,3.07,2.35,7728,338,101,3.95
Caminhão,7150,6.55,2.81,2.44,6860,283,113,5.05
Caminhão,7538,8.5,2.71,2.23,5634,253,105,5.03
Caminhão,11337,6.02,2.86,2.49,7195,278,124,3.52
Caminhão,8892,7.13,2.66,2.39,7867,237,122,4.63
Caminhão,8908,6.41,3.03,2.46,6892,348,106,4.42
Caminhão,7660,7.13,3.09,2.44,7697,297,127,3.58
Caminhão,7189,7.11,3.12,2.23,5978,203,100,3.83
Caminhão,8107,8.64,2.62,2.22,5738,276,118,5.24
Caminhão,7061,6.34,3.07,2.38,5495,215,102,3.9
Caminhão,8100,8.93,2.98,2.26,6723,323,139,4.94
Caminhão,8434,8.79,2.54,2.28,6064,271,106,3.95
Caminhão,11997,8.42,2.96,2.28,7607,293,139,4.48
Caminhão,11939,7.4,2.94,2.44,6847,274,132,4.81
Caminhão,7620,7.52,2.8,2.39,6268,291,127,3.84
Caminhão,8776,7.46,2.72,2.25,5587,259,115,4.91
Caminhão,7115,7.32,2.7,2.43,7355,284,129,3.99
Caminhão,11215,6.96,2.64,2.24,4601,277,121,4.73
Caminhão,10338,7.69,2.99,2.24,4817,190,118,4.22
Caminhão,10938,8.01,2.95,2.42,7723,330,132,4.88
Caminhão,10948,7.15,3.15,2.48,6283,271,108,4.84
Caminhão,9724,8.68,2.86,2.24,5104,187,133,4.64
Caminhão,7382,6.33,3.18,2.31,7146,245,125,3.79
